,0,1,2,3,4,5,6,7,8,9
0,https://www.nytimes.com/2020/09/08/world/asia/myanmar-rohingya-genocide.html,https://www.nytimes.com/2020/09/07/world/asia/rohingya-refugees-boat-indonesia.html,https://www.nytimes.com/2020/09/07/world/covid-19-coronavirus.html,https://www.nytimes.com/2020/08/23/world/asia/cambodia-facebook-disinformation.html,https://www.nytimes.com/2020/08/21/world/cdc-childcare-centers-reopening.html,https://www.nytimes.com/2020/08/04/magazine/behrouz-boochani-australia.html,https://www.nytimes.com/interactive/2020/07/10/briefing/vaccines-harpers-magazine-ennio-morricone-news-quiz.html,https://www.nytimes.com/2020/07/07/briefing/uk-sanctions-facebook-jair-bolsonaro.html,https://www.nytimes.com/2020/07/06/world/europe/britain-human-rights-sanctions.html,https://www.nytimes.com/2020/07/06/world/asia/china-xinjiang-uighur-court.html
1,https://www.nytimes.com/2020/06/29/world/asia/bangladesh-ferry-capsize.html,https://www.nytimes.com/2020/06/09/world/coronavirus-us-usa.html,https://www.nytimes.com/2020/06/04/world/middleeast/coronavirus-egypt-america-africa-asia.html,https://www.nytimes.com/2020/06/04/world/coronavirus-us-update.html,https://www.nytimes.com/2020/06/03/briefing/america-protests-paris-cafes-ebola.html,https://www.nytimes.com/2020/06/02/briefing/protests-us-minneapolis-rohingya-refugees.html,https://www.nytimes.com/2020/06/02/world/live-coronavirus.html,https://www.nytimes.com/2020/06/01/world/coronavirus-world-news.html,https://www.nytimes.com/2020/05/20/briefing/michigan-reopening-breland.html,https://www.nytimes.com/2020/05/20/briefing/xi-jinping-cyclone-india-bangladesh.html
2,https://www.nytimes.com/2020/05/20/world/asia/cyclone-amphan-india-bangladesh.html,https://www.nytimes.com/2020/05/20/world/asia/cyclone-amphan-india-bangladesh-map.html,https://www.nytimes.com/2020/05/19/briefing/who-meeting-coronavirus-cyclone-amphan.html,https://www.nytimes.com/2020/05/19/world/asia/cyclone-amphan-bangladesh-india.html,https://www.nytimes.com/2020/05/19/world/coronavirus-news.html,https://www.nytimes.com/2020/05/15/world/asia/coronavirus-bangkok-reporter-family.html,https://www.nytimes.com/2020/05/15/briefing/coronavirus-jobs-richard-burr-your-friday-briefing.html,https://www.nytimes.com/2020/05/15/world/coronavirus-news.html,https://www.nytimes.com/2020/05/14/us/coronavirus-today.html,https://www.nytimes.com/2020/05/14/briefing/mumbai-outbreak-coronavirus-refugee-camps.html
3,https://www.nytimes.com/2020/05/14/us/coronavirus-news-updates.html,https://www.nytimes.com/2020/05/14/world/live-coronavirus-tracker.html,https://www.nytimes.com/2020/05/04/world/americas/coronavirus-migrants.html,https://www.nytimes.com/2020/05/02/world/coronavirus-news.html,https://www.nytimes.com/2020/05/01/world/asia/rohingya-muslim-refugee-crisis.html,https://www.nytimes.com/interactive/2020/04/27/learning/Myanmar-Geography-Quiz.html,https://www.nytimes.com/2020/04/23/opinion/coronavirus-ramadan-iftar.html,https://www.nytimes.com/2020/04/19/briefing/india-lockdown-virus-Afghanistan-palace-Hong-Kong-protests.html,https://www.nytimes.com/2020/04/19/world/coronavirus-news.html,https://www.nytimes.com/2020/04/18/world/coronavirus-cases-tracker.html
4,https://www.nytimes.com/2020/04/06/style/diy-haggadah.html,https://www.nytimes.com/2020/04/03/world/asia/myanmar-journalists-arrest-arakan.html,https://www.nytimes.com/2020/03/26/world/asia/coronavirus-refugees-camps-bangladesh.html,https://www.nytimes.com/2020/03/24/us/politics/un-coronavirus-aid.html,https://www.nytimes.com/2020/03/20/world/asia/coronavirus-malaysia-muslims-outbreak.html,https://www.nytimes.com/2020/03/13/learning/making-connections-56-teenagers-suggest-creative-ways-to-link-school-curriculum-to-the-world-of-2020.html,https://www.nytimes.com/2020/03/11/briefing/coronavirus-bernie-sanders-dinosaurs.html,https://www.nytimes.com/2020/03/11/science/amber-myanmar-paleontologists.html,https://www.nytimes.com/2020/03/11/science/smallest-dinosaur-amber.html,https://www.nytimes.com/2020/03/08/arts/human-migration-santa-fe.html
5,https://www.nytimes.com/2020/02/27/learning/lesson-of-the-day-800000-syrians-have-fled-in-three-months-this-is-what-it-looks-like.html,https://www.nytimes.com/2020/02/26/world/middleeast/syria-idlib-refugees.html,https://www.nytimes.com/2020/02/24/briefing/coronavirus-harvey-weinstein-kobe-bryant.html,https://www.nytimes.com/2020/02/17/opinion/photojournalism-children-nick-ut.html,https://www.nytimes.com/interactive/2020/02/14/world/middleeast/syria-idlib-displaced.html,https://www.nytimes.com/2020/02/12/t-magazine/palestinian-food.html,https://www.nytimes.com/2020/02/11/world/asia/rohingya-refugees-boat-bangladesh.html,https://www.nytimes.com/2020/02/04/learning/lesson-of-the-day-trump-administration-adds-six-countries-to-travel-ban.html,https://www.nytimes.com/2020/01/31/us/politics/trump-travel-ban.html,https://www.nytimes.com/2020/01/31/opinion/soros-facebook-zuckerberg.html
6,https://www.nytimes.com/2020/01/29/magazine/uyghur-muslims-china.html,https://www.nytimes.com/2020/01/27/world/europe/auschwitz-memorial-anniversary.html,https://www.nytimes.com/2020/01/24/world/asia/myanmar-rohingya-genocide.html,https://www.nytimes.com/interactive/2020/01/24/briefing/coronavirus-impeachment-davos-news-quiz.html,https://www.nytimes.com/2020/01/24/briefing/coronavirus-impeachment-isabel-dos-santos.html,https://www.nytimes.com/2020/01/23/briefing/wuhan-coronavirus-australia-fires-myanmar.html,https://www.nytimes.com/2020/01/23/briefing/china-rohingya-muslims-eli-manning.html,https://www.nytimes.com/2020/01/23/world/asia/myanmar-rohingya-genocide.html,https://www.nytimes.com/2020/01/18/world/asia/facebook-xi-jinping.html,https://www.nytimes.com/2020/01/16/world/asia/myanmar-china-xi-jinping.html
7,https://www.nytimes.com/2019/12/27/opinion/india-constitution-protests.html,https://www.nytimes.com/interactive/2019/world/decade-in-pictures.html,https://www.nytimes.com/2019/12/18/opinion/india-citizenship-bill-muslims.html,https://www.nytimes.com/2019/12/17/world/asia/india-muslims-state-department.html,https://www.nytimes.com/2019/12/17/world/asia/india-protests-citizenship-muslims.html,https://www.nytimes.com/interactive/2019/12/13/briefing/impeachment-uk-election-art-basel-miami-beach-news-quiz.html,https://www.nytimes.com/2019/12/12/briefing/british-election-new-zealand-mission-china-trade.html,https://www.nytimes.com/2019/12/12/world/asia/aung-san-suu-kyi-rohingya-genocide-myanmar.html,https://www.nytimes.com/2019/12/12/briefing/election-boris-johnson-labour.html,https://www.nytimes.com/2019/12/11/briefing/fbi-jersey-city-yankees.html
8,https://www.nytimes.com/2019/12/11/world/europe/Nobel-Peace-Prize-image-history.html,https://www.nytimes.com/2019/12/11/briefing/british-election-saudi-aramco-rohingya.html,https://www.nytimes.com/video/world/asia/100000006869500/aung-san-suu-kyi-rohingya.html,https://www.nytimes.com/2019/12/11/world/asia/india-muslims-citizenship-narendra-modi.html,https://www.nytimes.com/2019/12/11/world/asia/aung-san-suu-kyi-rohingya-myanmar-genocide-hague.html,https://www.nytimes.com/2019/12/10/briefing/impeachment-new-zealand-volcano-chechnya.html,https://www.nytimes.com/2019/12/10/briefing/impeachment-new-zealand-volcano-myanmar.html,https://www.nytimes.com/2019/12/10/world/asia/aung-san-suu-kyi-myanmar-genocide-hague.html,https://www.nytimes.com/2019/12/10/briefing/Brexit-New-Zealand-volcano-Juice-WRLD.html,https://www.nytimes.com/2019/12/09/briefing/afghanistan-papers-new-zealand-volcano-xinjiang.html
9,https://www.nytimes.com/2019/12/05/books/times-critics-top-books-of-2019.html,https://www.nytimes.com/interactive/2019/11/30/opinion/editorials/fake-news.html,https://www.nytimes.com/2019/11/21/arts/television/sesame-street-middle-east-trauma.html,https://www.nytimes.com/2019/11/19/books/review-hidden-history-burma-thant-myint-u.html,https://www.nytimes.com/2019/11/11/briefing/hong-kong-myanmar-uber.html,https://www.nytimes.com/2019/11/11/world/asia/myanmar-rohingya-genocide.html,https://www.nytimes.com/2019/11/01/learning/should-facebook-fact-check-political-speech.html,https://www.nytimes.com/2019/10/28/world/asia/myanmar-ferry-hostages-arakan.html,https://www.nytimes.com/2019/10/24/world/dispatches-odd-offbeat-international-news.html,https://www.nytimes.com/2019/10/17/opinion/trump-mcraven-syria-military.html
10,https://www.nytimes.com/2019/10/16/briefing/brexit-impeachment-inquiry-turkey.html,https://www.nytimes.com/2019/10/16/briefing/democratic-party-brexit-washington-nationals.html,https://www.nytimes.com/2019/10/16/briefing/democratic-debate-brexit-rohingya.html,https://www.nytimes.com/interactive/2019/10/15/world/asia/myanmar-ethnic-cleansing.html,https://www.nytimes.com/2019/10/13/world/asia/myanmar-soccer-kidnapping.html,https://www.nytimes.com/2019/10/03/opinion/facebook-antitrust.html,https://www.nytimes.com/2019/10/03/opinion/letters/refugees-trump.html,https://www.nytimes.com/2019/10/01/opinion/kristof-new-york-times.html,https://www.nytimes.com/2019/09/29/world/europe/pope-francis-migrants-sculpture.html,https://www.nytimes.com/2019/09/27/opinion/editorials/trump-refugees.html
11,https://www.nytimes.com/2019/09/25/world/asia/imran-khan-kashmir-india.html,https://www.nytimes.com/2019/09/24/opinion/rohingya-refugees-myanmar-return-bangladesh.html,https://www.nytimes.com/2019/09/23/opinion/press-freedom-arthur-sulzberger.html,https://www.nytimes.com/2019/09/23/briefing/ukraine-united-nations-jonathan-van-ness.html,https://www.nytimes.com/2019/09/22/briefing/india-un-general-assembly-china.html,https://www.nytimes.com/2019/09/22/us/rohingya-refugees-us.html,https://www.nytimes.com/2019/09/18/briefing/israel-china-saudi-arabia.html,https://www.nytimes.com/2019/09/17/briefing/israel-iran-spain-elections.html,https://www.nytimes.com/2019/09/17/world/asia/myanmar-leader-war-crimes.html,https://www.nytimes.com/2019/09/17/movies/national-geographic-documentary-shorts-lost-and-found-the-nightcrawlers-review.html
12,https://www.nytimes.com/2019/09/06/briefing/vaping-moon-landing-us-open.html,https://www.nytimes.com/2019/09/05/briefing/brexit-bahamas-friends.html,https://www.nytimes.com/2019/09/05/briefing/brexit-hong-kong-friends.html,https://www.nytimes.com/2019/09/05/world/asia/rohingya-phone-ban.html,https://www.nytimes.com/2019/08/30/us/politics/world-bank-to-investigate-if-china-loan-funded-muslim-detention-camps.html,https://www.nytimes.com/2019/08/23/briefing/amazon-rainforest-overstock-taylor-swift.html,https://www.nytimes.com/2019/08/22/briefing/rohingya-italian-government-brazil-fires.html,https://www.nytimes.com/2019/08/22/briefing/nra-g7-sesame-street.html,https://www.nytimes.com/2019/08/22/briefing/pakistan-myanmar-hong-kong.html,https://www.nytimes.com/2019/08/22/world/asia/rohingya-myanmar-repatriation.html
13,https://www.nytimes.com/2019/08/16/world/asia/myanmar-army-elections.html,https://www.nytimes.com/2019/08/13/style/priyanka-chopra-beautycon-india-pakistan.html,https://www.nytimes.com/2019/08/08/us/politics/on-politics-iowa-state-fair.html,https://www.nytimes.com/2019/08/08/briefing/hong-kong-kashmir-iran.html,https://www.nytimes.com/2019/08/08/magazine/rohingya-genocide-teacher.html,https://www.nytimes.com/2019/08/05/world/asia/myanmar-military-business-united-nations.html,https://www.nytimes.com/2019/07/17/briefing/notre-dame-pakistan-heat-wave.html,https://www.nytimes.com/2019/07/17/world/asia/myanmar-generals-us-sanctions-rohingya.html,https://www.nytimes.com/2019/07/15/briefing/nepal-japan-alan-turing.html,https://www.nytimes.com/2019/07/15/world/asia/rains-nepal-india-flooding.html
14,https://www.nytimes.com/2019/07/14/world/asia/monsoon-floods-nepal-india.html,https://www.nytimes.com/2019/07/09/technology/twitter-ban-speech-dehumanizing.html,https://www.nytimes.com/2019/07/08/world/asia/buddhism-militant-rise.html,https://www.nytimes.com/2019/07/02/briefing/xinjiang-solar-eclipse-iran.html,https://www.nytimes.com/2019/07/02/world/asia/internet-shutdown-myanmar-rakhine.html,https://www.nytimes.com/2019/06/18/world/asia/myanmar-doctor-model.html,https://www.nytimes.com/2019/06/16/briefing/hong-kong-world-cup-argentina.html,https://www.nytimes.com/2019/06/15/books/review/larry-diamond-ill-winds.html,https://www.nytimes.com/2019/06/15/arts/11-of-our-best-weekend-reads.html,https://www.nytimes.com/2019/06/14/technology/facebook-hate-speech-rohingya-india.html
15,https://www.nytimes.com/2019/06/04/business/media/china-tiananmen-square-reuters-censored.html,https://www.nytimes.com/2019/05/30/nyregion/newyorktoday/nyc-news-murder-rate.html,https://www.nytimes.com/2019/05/29/world/asia/myanmar-wirathu-monk-buddhism.html,https://www.nytimes.com/2019/05/16/t-magazine/ethical-travel-reporting.html,https://www.nytimes.com/2019/05/16/opinion/propaganda-is-power.html,https://www.nytimes.com/2019/05/15/t-magazine/myanmar-travel-quandary-essay.html,https://www.nytimes.com/2019/05/11/world/asia/myanmar-democracy-general-shwe-mann.html,https://www.nytimes.com/2019/05/10/world/asia/myanmar-reuters-aung-san-suu-kyi.html,https://www.nytimes.com/2019/05/07/opinion/myanmar-reuters.html,https://www.nytimes.com/2019/05/07/briefing/president-trump-denver-met-gala.html
16,https://www.nytimes.com/2019/05/07/briefing/china-myanmar-met-gala.html,https://www.nytimes.com/2019/05/07/world/asia/myanmar-press-freedom.html,https://www.nytimes.com/video/world/asia/100000006497313/reuters-journalists-release-myanmar.html,https://www.nytimes.com/2019/05/07/briefing/william-barr-myanmar-met-gala.html,https://www.nytimes.com/2019/05/06/briefing/turkey-un-report-royal-baby.html,https://www.nytimes.com/2019/05/06/world/asia/myanmar-releases-jailed-reuters-journalists.html,https://www.nytimes.com/2019/05/06/briefing/kashmir-meghan-markle-climate-change.html,https://www.nytimes.com/video/opinion/100000006306143/un-human-rights-violations.html,https://www.nytimes.com/2019/05/02/world/asia/india-cyclone-fani.html,https://www.nytimes.com/2019/04/30/world/asia/sri-lanka-populism-ethnic-tensions.html
17,https://www.nytimes.com/2019/04/23/briefing/sri-lanka-japan-egypt.html,https://www.nytimes.com/2019/04/23/world/asia/reuters-journalists-myanmar-supreme-court.html,https://www.nytimes.com/2019/04/22/world/asia/sri-lanka-bombing-explosion.html,https://www.nytimes.com/2019/04/21/world/asia/sri-lanka-religion-christians.html,https://www.nytimes.com/2019/04/15/lens/pulitzers-photography-yemen-central-america.html,https://www.nytimes.com/2019/04/15/business/media/pulitzer-prize-winners.html,https://www.nytimes.com/2019/04/15/business/media/pulitzer-prizes.html,https://www.nytimes.com/2019/04/09/briefing/israel-china-barr.html,https://www.nytimes.com/2019/04/08/world/asia/china-muslims-camps.html,https://www.nytimes.com/2019/04/05/world/asia/un-myanmar-rakhine.html
18,https://www.nytimes.com/2019/03/30/us/politics/pompeo-christian-policy.html,https://www.nytimes.com/2019/03/29/obituaries/tejshree-thapa-dead.html,https://www.nytimes.com/2019/03/14/world/asia/facebook-myanmar.html,https://www.nytimes.com/2019/03/12/opinion/stop-funding-southeast-asias-brutal-drug-war.html,https://www.nytimes.com/2019/03/11/world/africa/crash-victims.html,https://www.nytimes.com/2019/03/03/briefing/kashmir-xinjiang-huawei.html,https://www.nytimes.com/2019/03/02/world/asia/myanmars-rakhine-buddhsts-rohingya.html,https://www.nytimes.com/2019/02/22/world/middleeast/isis-shamima-begum-citizenship-stateless.html,https://www.nytimes.com/2019/02/21/opinion/myanmar-constitution-amendment-military-aung-san-suu-kyi-burma.html,https://www.nytimes.com/2019/02/19/us/politics/george-polk-awards.html
19,https://www.nytimes.com/2019/02/13/world/asia/maria-ressa-arrested.html,https://www.nytimes.com/2019/02/12/world/asia/myanmar-drone-french-tourist.html,https://www.nytimes.com/2019/02/05/opinion/marie-colvin-syria-assad-court-judgment.html,https://www.nytimes.com/2019/02/04/world/asia/un-xinjiang-uighurs-china.html,https://www.nytimes.com/2019/01/14/opinion/bangkok-biennale.html,https://www.nytimes.com/2019/01/11/books/review/we-are-displaced-malala-yousafzai.html,https://www.nytimes.com/2019/01/11/world/asia/reuters-journalists-sentence-myanmar.html,https://www.nytimes.com/2019/01/08/world/asia/myanmar-insurgent-attack-rakhine-rohingya.html,https://www.nytimes.com/2019/01/05/opinion/sunday/2018-progress-poverty-health.html,https://www.nytimes.com/2019/01/03/movies/michelle-yeoh-crazy-rich-asians.html
20,https://www.nytimes.com/2019/01/03/movies/the-venerable-w-review.html,https://www.nytimes.com/2018/12/28/opinion/rohingya-bangladesh-abortion.html,https://www.nytimes.com/2018/12/19/opinion/worst-read-columns-2018.html,https://www.nytimes.com/2018/12/18/arts/design/steven-spielberg-shoah-foundation-schindlers-list.html,https://www.nytimes.com/interactive/2018/12/14/briefing/14weeklynewsquiz.html,https://www.nytimes.com/2018/12/13/arts/music/medine-france-rap.html,https://www.nytimes.com/2018/12/10/briefing/brexit-huawei-india.html,https://www.nytimes.com/2018/12/10/world/asia/twitter-jack-dorsey-myanmar-rohingya.html,https://www.nytimes.com/2018/12/05/briefing/facebook-yellow-vests-sri-lanka.html,https://www.nytimes.com/2018/12/05/world/lego-sesame-street-refugees.html
21,https://www.nytimes.com/2018/11/30/opinion/xi-trump-uighurs-human-rights.html,https://www.nytimes.com/2018/11/29/learning/lesson-plans/the-past-is-present-strategies-for-bringing-current-events-into-the-social-studies-classroom.html,https://www.nytimes.com/2018/11/28/opinion/letters/ethics-facebook.html,https://www.nytimes.com/2018/11/27/briefing/jack-ma-lion-air-gene-edited-babies.html,https://www.nytimes.com/2018/11/26/world/asia/myanmar-rohingya-military-museum.html,https://www.nytimes.com/2018/11/24/opinion/sunday/facebook-immoral.html,https://www.nytimes.com/2018/11/22/opinion/rohingya-myanmar-bangladesh-repatriation.html,https://www.nytimes.com/2018/11/18/briefing/china-brexit-india-elections.html,https://www.nytimes.com/2018/11/16/us/politics/mike-pence-trump-administration.html,https://www.nytimes.com/2018/11/16/opinion/facebook-mark-zuckerberg-sheryl-sandberg-silicon-valley-antitrust.html
22,https://www.nytimes.com/2018/11/14/briefing/brexit-facebook-michael-avenatti.html,https://www.nytimes.com/2018/11/14/briefing/brexit-myanmar-komodo-dragons.html,https://www.nytimes.com/2018/11/14/world/asia/rohingya-myanmar-repatriation.html,https://www.nytimes.com/2018/11/07/technology/personaltech/social-media-effect-myanmar-germany.html,https://www.nytimes.com/2018/11/07/briefing/elections-brexit-facebook.html,https://www.nytimes.com/2018/11/06/briefing/election-day-amazon-iraq-graves.html,https://www.nytimes.com/2018/11/06/briefing/elections-xi-jinping-facebook.html,https://www.nytimes.com/2018/11/06/technology/myanmar-facebook.html,https://www.nytimes.com/2018/11/04/opinion/rohingya-genocide-myanmar-repatriation-bangladesh.html,https://www.nytimes.com/2018/11/04/world/americas/foreign-leaders-echo-trump.html
23,https://www.nytimes.com/2019/01/03/movies/the-venerable-w-review.html,https://www.nytimes.com/2018/12/28/opinion/rohingya-bangladesh-abortion.html,https://www.nytimes.com/2018/12/19/opinion/worst-read-columns-2018.html,https://www.nytimes.com/2018/12/18/arts/design/steven-spielberg-shoah-foundation-schindlers-list.html,https://www.nytimes.com/interactive/2018/12/14/briefing/14weeklynewsquiz.html,https://www.nytimes.com/2018/12/13/arts/music/medine-france-rap.html,https://www.nytimes.com/2018/12/10/briefing/brexit-huawei-india.html,https://www.nytimes.com/2018/12/10/world/asia/twitter-jack-dorsey-myanmar-rohingya.html,https://www.nytimes.com/2018/12/05/briefing/facebook-yellow-vests-sri-lanka.html,https://www.nytimes.com/2018/12/05/world/lego-sesame-street-refugees.html
24,https://www.nytimes.com/2018/11/30/opinion/xi-trump-uighurs-human-rights.html,https://www.nytimes.com/2018/11/29/learning/lesson-plans/the-past-is-present-strategies-for-bringing-current-events-into-the-social-studies-classroom.html,https://www.nytimes.com/2018/11/28/opinion/letters/ethics-facebook.html,https://www.nytimes.com/2018/11/27/briefing/jack-ma-lion-air-gene-edited-babies.html,https://www.nytimes.com/2018/11/26/world/asia/myanmar-rohingya-military-museum.html,https://www.nytimes.com/2018/11/24/opinion/sunday/facebook-immoral.html,https://www.nytimes.com/2018/11/22/opinion/rohingya-myanmar-bangladesh-repatriation.html,https://www.nytimes.com/2018/11/18/briefing/china-brexit-india-elections.html,https://www.nytimes.com/2018/11/16/us/politics/mike-pence-trump-administration.html,https://www.nytimes.com/2018/11/16/opinion/facebook-mark-zuckerberg-sheryl-sandberg-silicon-valley-antitrust.html
25,https://www.nytimes.com/2018/11/14/briefing/brexit-facebook-michael-avenatti.html,https://www.nytimes.com/2018/11/14/briefing/brexit-myanmar-komodo-dragons.html,https://www.nytimes.com/2018/11/14/world/asia/rohingya-myanmar-repatriation.html,https://www.nytimes.com/2018/11/07/technology/personaltech/social-media-effect-myanmar-germany.html,https://www.nytimes.com/2018/11/07/briefing/elections-brexit-facebook.html,https://www.nytimes.com/2018/11/06/briefing/election-day-amazon-iraq-graves.html,https://www.nytimes.com/2018/11/06/briefing/elections-xi-jinping-facebook.html,https://www.nytimes.com/2018/11/06/technology/myanmar-facebook.html,https://www.nytimes.com/2018/11/04/opinion/rohingya-genocide-myanmar-repatriation-bangladesh.html,https://www.nytimes.com/2018/11/04/world/americas/foreign-leaders-echo-trump.html
26,https://www.nytimes.com/2018/11/02/world/europe/trump-asylum.html,https://www.nytimes.com/2018/10/30/nyregion/new-york-news-ullah-subway-bombing-trial.html,https://www.nytimes.com/2018/10/29/technology/hate-on-social-media.html,https://www.nytimes.com/2018/10/29/lens/elderly-ukraine-russia-conflict.html,https://www.nytimes.com/2018/10/26/reader-center/caravan-media-coverage.html,https://www.nytimes.com/2018/10/19/opinion/facebook-twitter-journalism-misinformation.html,https://www.nytimes.com/2018/10/19/technology/tech-executives-saudi-conference.html,https://www.nytimes.com/2018/10/18/arts/television/hasan-minhaj-netflix-patriot-act.html,https://www.nytimes.com/2018/10/16/business/dealbook/wall-street-trump-saudi-arabia.html,https://www.nytimes.com/2018/10/16/briefing/saudi-arabia-paul-allen-nba.html
27,https://www.nytimes.com/2018/10/16/world/asia/myanmar-fighter-jet-crash-student.html,https://www.nytimes.com/2018/10/16/briefing/saudi-arabia-brexit-meghan-markle.html,https://www.nytimes.com/2018/10/15/briefing/dna-trump-saudi.html,https://www.nytimes.com/2018/10/15/briefing/myanmar-china-royal-baby.html,https://www.nytimes.com/2018/10/15/technology/myanmar-facebook-genocide.html,https://www.nytimes.com/2018/10/09/opinion/donald-trump-international-relations-diplomacy.html,https://www.nytimes.com/2018/10/04/briefing/kavanaugh-china-the-nobel-peace-prize.html,https://www.nytimes.com/2018/10/03/briefing/fan-bingbing-australia-indonesia.html,https://www.nytimes.com/2018/10/03/world/asia/aung-san-suu-kyi-canada-citizenship.html,https://www.nytimes.com/2018/10/01/briefing/europe-monday-briefing.html
28,https://www.nytimes.com/2018/09/30/briefing/indonesia-brett-kavanaugh-elon-musk.html,https://www.nytimes.com/2018/09/29/world/asia/myanmar-aung-san-suu-kyi-rohingya.html,https://www.nytimes.com/2018/09/29/reader-center/audience-social-media.html,https://www.nytimes.com/2018/09/28/world/canada/canada-myanmar-rohingya.html,https://www.nytimes.com/2018/09/27/briefing/kavanaugh-hearings-un-elon-musk.html,https://www.nytimes.com/2018/09/27/briefing/brett-kavanaugh-india-the-philippines.html,https://www.nytimes.com/2018/09/27/world/asia/myanmar-un-human-rights.html,https://www.nytimes.com/2018/09/27/world/americas/united-nations-general-assembly-updates.html,https://www.nytimes.com/2018/09/25/world/americas/united-nations-general-assembly-live-updates.html,https://www.nytimes.com/2018/09/19/learning/come-together-a-thematic-collection-of-times-articles-essays-maps-and-more-about-creating-community.html
29,https://www.nytimes.com/2018/09/19/briefing/your-wednesday-news-briefing.html,https://www.nytimes.com/2018/09/18/briefing/asia-wednesday-news-briefing.html,https://www.nytimes.com/2018/09/18/world/asia/myanmar-united-nations-rohingya-genocide.html,https://www.nytimes.com/2018/09/16/opinion/16Adler.html,https://www.nytimes.com/2018/09/16/opinion/international-criminal-court-icc-bolton-us.html,https://www.nytimes.com/2018/09/13/briefing/asia-friday-news-briefing.html,https://www.nytimes.com/2018/09/13/world/asia/aung-san-suu-kyi-rohingya.html,https://www.nytimes.com/2018/09/11/travel/unearth-women-travel-magazine.html,https://www.nytimes.com/2018/09/10/world/asia/us-china-sanctions-muslim-camps.html,https://www.nytimes.com/2018/09/09/briefing/monday-news-briefing.html
30,https://www.nytimes.com/2018/09/06/world/asia/rohingya-myanmar-international-criminal-court.html,https://www.nytimes.com/2018/09/06/briefing/india-north-korea-trump.html,https://www.nytimes.com/2018/09/05/opinion/myanmar-reuters-reporters-jailed.html,https://www.nytimes.com/2018/09/05/briefing/pakistan-myanmar-russia.html,https://www.nytimes.com/2018/09/05/world/asia/pence-myanmar-reuters-reporters.html,https://www.nytimes.com/2018/09/04/briefing/brett-kavanaugh-jeff-sessions-colin-kaepernick.html,https://www.nytimes.com/2018/09/03/briefing/myanmar-richard-liu-pole-dance.html,https://www.nytimes.com/2018/09/03/world/asia/myanmar-reuters-journalists-sentenced-trial.html,https://www.nytimes.com/2018/09/02/opinion/rohingya-genocide-myanmar-united-nations.html,https://www.nytimes.com/2018/08/31/world/asia/myanmar-genocide-facebook-military.html
31,https://www.nytimes.com/2018/08/30/opinion/justice-in-myanmar.html,https://www.nytimes.com/2018/08/30/briefing/john-mccain-china-narendra-modi.html,https://www.nytimes.com/2018/08/29/briefing/china-north-korea-nafta.html,https://www.nytimes.com/2018/08/28/world/asia/un-rohingya-myanmar-blanchett.html,https://www.nytimes.com/2018/08/27/briefing/pope-francis-nafta-serena-williams.html,https://www.nytimes.com/2018/08/27/opinion/rohingya-myanmar-genocide-united-nations.html,https://www.nytimes.com/2018/08/27/briefing/myanmar-john-mccain-pope-francis.html,https://www.nytimes.com/2018/08/27/opinion/capturing-their-genocide-on-their-cellphones.html,https://www.nytimes.com/video/opinion/100000006035884/capturing-their-genocide-on-their-cellphones.html,https://www.nytimes.com/2018/08/27/briefing/john-mccain-myanmar-jacksonville.html
32,https://www.nytimes.com/2018/08/27/world/asia/myanmar-rohingya-genocide.html,https://www.nytimes.com/2018/08/26/briefing/john-mccain-pope-francis-myanmar.html,https://www.nytimes.com/2018/08/26/briefing/michael-cohen-pope-francis-hawaii.html,https://www.nytimes.com/2018/08/25/opinion/john-mccain-death.html,https://www.nytimes.com/2018/08/25/world/asia/rohingya-myanmar-ethnic-cleansing-anniversary.html,https://www.nytimes.com/2018/08/24/world/asia/rohingya-rakhine-myanmar-chut-pyin.html,https://www.nytimes.com/2018/08/21/briefing/north-korea-russia-eid-al-adha.html,https://www.nytimes.com/2018/08/21/opinion/refugee-camps-integration.html,https://www.nytimes.com/2018/08/20/learning/summer-2018-news-quiz.html,https://www.nytimes.com/2018/08/20/opinion/shahidul-alam-prison-bangladesh.html
33,https://www.nytimes.com/2018/08/18/opinion/sunday/trump-pence-religious-freedom-evangelicals.html,https://www.nytimes.com/2018/08/17/us/politics/the-biggest-stories-in-american-politics-this-week.html,https://www.nytimes.com/2018/08/17/us/politics/myanmar-sanctions-rohingya.html,https://www.nytimes.com/2018/08/17/technology/twitter-elon-musk-alex-jones-infowars.html,https://www.nytimes.com/2018/08/16/briefing/john-brennan-paul-manafort-crazy-rich-asians.html,https://www.nytimes.com/2018/08/14/briefing/trade-war-genoa-bridge-paul-manafort-.html,https://www.nytimes.com/2018/08/14/podcasts/the-daily/myanmar-rohingya-muslims-rakhine.html,https://www.nytimes.com/2018/08/10/opinion/india-citizenship-assam-modi-rohingyas.html,https://www.nytimes.com/2018/08/09/world/asia/-thai-cave-boys.html,https://www.nytimes.com/2018/08/08/world/americas/facebook-misinformation.html
34,https://www.nytimes.com/2018/08/05/briefing/north-korea-indonesia-venezuela.html,https://www.nytimes.com/2018/08/03/briefing/jobs-tariffs-syria.html,https://www.nytimes.com/2018/08/03/briefing/russia-apple-ernest-hemingway.html,https://www.nytimes.com/2018/08/03/briefing/pope-francis-trade-war-apple.html,https://www.nytimes.com/2018/08/02/world/asia/myanmar-rohingya-rakhine.html,https://www.nytimes.com/2018/07/30/world/asia/india-citizenship-assam-muslim.html,https://www.nytimes.com/2018/07/26/briefing/imran-khan-robert-mueller-beijing-blast.html,https://www.nytimes.com/2018/07/26/magazine/the-billionaire-yogi-behind-modis-rise.html,https://www.nytimes.com/2018/07/25/world/australia/from-manus-detention-to-manhattan-washington.html,https://www.nytimes.com/2018/07/24/learning/summer-reading-contest-winner-week-4-on-why-trying-to-be-less-awkward-never-works.html
35,https://www.nytimes.com/2018/07/19/briefing/trump-putin-facebook.html,https://www.nytimes.com/2018/07/19/briefing/putin-food-rohingya-your-friday-briefing.html,https://www.nytimes.com/2018/07/19/world/asia/myanmar-rohingya-genocide.html,https://www.nytimes.com/2018/07/18/technology/facebook-to-remove-misinformation-that-leads-to-violence.html,https://www.nytimes.com/2018/07/17/world/asia/myanmar-landslide-jade-mine.html,https://www.nytimes.com/2018/07/16/world/asia/myanmar-reuters-reporters.html,https://www.nytimes.com/interactive/2018/07/11/world/middleeast/raqqa-isis-home.html,https://www.nytimes.com/2018/07/09/world/asia/reuters-journalists-myanmar-trial.html,https://www.nytimes.com/2018/07/08/briefing/thai-rescue-mike-pompeo-trade-war.html,https://www.nytimes.com/2018/07/07/todayspaper/quotation-of-the-day-when-a-baby-is-a-daily-reminder-of-rohingya-horror.html
36,https://www.nytimes.com/2018/07/07/world/asia/myanmar-rohingya-rape-refugees-childbirth.html,https://www.nytimes.com/2018/07/05/briefing/trade-war-thailand-rescue-myanmar.html,https://www.nytimes.com/2018/07/04/world/asia/un-myanmar-rohingya-investigate.html,https://www.nytimes.com/2018/06/27/reader-center/international-dispatches-journals.html,https://www.nytimes.com/interactive/2018/06/27/world/americas/venezuela-money-how-to-survive.html,https://www.nytimes.com/2018/06/26/briefing/china-duterte-world-cup.html,https://www.nytimes.com/2018/06/19/world/five-conflicts-driving-refugees.html,https://www.nytimes.com/2018/06/13/opinion/ramadan-muslim-charity-poverty.html,https://www.nytimes.com/2018/06/11/world/asia/priyanka-chopra-quantico-apology.html,https://www.nytimes.com/2018/06/01/learning/teaching-activities-for-race-against-the-rains.html
37,https://www.nytimes.com/2018/05/31/briefing/tariffs-pardons-italy.html,https://www.nytimes.com/2018/05/31/briefing/north-korea-amazon-world-cup.html,https://www.nytimes.com/2018/05/31/world/asia/myanmar-rohingya-refugees-return.html,https://www.nytimes.com/2018/05/31/opinion/trump-immigration-refugees.html,https://www.nytimes.com/interactive/2018/05/30/world/asia/rohingya-monsoon-bangladesh.html,https://www.nytimes.com/2018/05/30/learning/lesson-plans/year-end-roundup-2017-18-all-our-lesson-plans-all-in-one-place.html,https://www.nytimes.com/2018/05/30/world/asia/rohingya-myanmar-icc-petition.html,https://www.nytimes.com/2018/05/30/world/asia/rohingya-refugee-myanmar-thailand.html,https://www.nytimes.com/2018/05/29/world/asia/state-department-religious-freedom-myanmar.html,https://www.nytimes.com/2018/05/22/briefing/north-korea-china-mark-zuckerberg.html
38,https://www.nytimes.com/2018/05/19/technology/facebook-deletion-center-germany.html,https://www.nytimes.com/2018/05/17/opinion/sweet-briar-meredith-woo-interview.html,https://www.nytimes.com/2018/05/16/opinion/ramadan-spirit-america.html,https://www.nytimes.com/2018/05/10/world/asia/malaysia-election-mahathir-mohamad.html,https://www.nytimes.com/2018/05/09/us/politics/trump-korea-nobel-peace-prize.html,https://www.nytimes.com/2018/05/08/opinion/democracy-authoritarian-constitutions.html,https://www.nytimes.com/2018/05/05/opinion/sunday/trump-obsession.html,https://www.nytimes.com/interactive/2018/05/03/world/middleeast/Chasing-the-Ghosts-of-Benghazi-libya-war-consulate.html,https://www.nytimes.com/2018/05/02/opinion/metoo-asifa-bano.html,https://www.nytimes.com/2018/05/02/world/asia/myanmar-journalists-police-captain.html
39,https://www.nytimes.com/2018/04/24/arts/peabody-awards-news.html,https://www.nytimes.com/2018/04/24/world/asia/india-child-rape.html,https://www.nytimes.com/2018/04/21/world/asia/facebook-sri-lanka-riots.html,https://www.nytimes.com/2018/04/20/us/politics/russia-china-human-rights.html,https://www.nytimes.com/2018/04/19/briefing/korea-volcano-cuba-your-friday-briefing.html,https://www.nytimes.com/2018/04/18/briefing/north-korea-raul-castro-taiwan-strait.html,https://www.nytimes.com/2018/04/18/world/asia/myanmar-amnesty-rohingya-massacre.html,https://www.nytimes.com/2018/04/17/opinion/international-world/india-child-rape-murder.html,https://www.nytimes.com/2018/04/16/lens/pulitzer-prize-photography-charlottesville.html,https://www.nytimes.com/2018/04/16/opinion/facebook-matters.html
40,https://www.nytimes.com/2018/04/16/business/media/pulitzer-prize-winners.html,https://www.nytimes.com/2018/04/15/briefing/james-comey-syria-north-korea.html,https://www.nytimes.com/2018/04/14/opinion/sunday/delete-facebook-parenting-special-needs.html,https://www.nytimes.com/2018/04/12/lens/world-press-photo-of-the-year-a-tale-told-twice.html,https://www.nytimes.com/2018/04/11/briefing/facebook-paul-ryan-bashar-al-assad.html,https://www.nytimes.com/2018/04/11/world/asia/myanmar-reuters-reporters-trial.html,https://www.nytimes.com/2018/04/10/briefing/mark-zuckerberg-syria-xi-jinping.html,https://www.nytimes.com/2018/04/10/world/asia/myanmar-reuters-journalists-massacre.html,https://www.nytimes.com/2018/04/09/business/facebook-myanmar-zuckerberg.html,https://www.nytimes.com/2018/04/05/technology/zuckerberg-facebook-myanmar.html
41,https://www.nytimes.com/2018/03/29/climate/united-nations-climate-change.html,https://www.nytimes.com/2018/03/28/briefing/china-kim-jong-un-easter.html,https://www.nytimes.com/2018/03/28/world/asia/myanmar-president-u-win-myint.html,https://www.nytimes.com/2018/03/26/books/review/semitism-jonathan-weisman.html,https://www.nytimes.com/2018/03/22/technology/kevins-week-in-tech-zuckerbergs-answers-to-privacy-scandal-raise-more-questions.html,https://www.nytimes.com/2018/03/19/briefing/austin-uber-facebook.html,https://www.nytimes.com/2018/03/19/world/australia/ethnic-cambodians-hun-sen.html,https://www.nytimes.com/2018/03/18/briefing/russia-north-korea-xi-jinping.html,https://www.nytimes.com/2018/03/17/world/asia/india-hitler-childrens-book.html,https://www.nytimes.com/2018/03/15/briefing/russia-mike-pompeo-champions-league.html
42,https://www.nytimes.com/2018/03/14/opinion/trump-dictators-human-rights.html,https://www.nytimes.com/2018/03/14/briefing/walkout-conor-lamb-russia.html,https://www.nytimes.com/2018/03/14/briefing/stephen-hawking-theresa-may-school-walkout.html,https://www.nytimes.com/2018/03/14/world/asia/un-myanmar-rohingya-genocide.html,https://www.nytimes.com/2018/03/14/climate/bangladesh-rohingya-refugee-camp.html,https://www.nytimes.com/2018/03/12/travel/most-dangerous-destinations.html,https://www.nytimes.com/2018/03/11/opinion/aung-san-suu-kyi-holocaust-myanmar.html,https://www.nytimes.com/2018/03/10/opinion/weekend-reads.html,https://www.nytimes.com/2018/03/09/opinion/myanmar-rohingya.html,https://www.nytimes.com/2018/03/08/technology/sri-lanka-facebook-shutdown.html
43,https://www.nytimes.com/2018/03/08/opinion/america-rohingya-myanmar.html,https://www.nytimes.com/2018/03/08/insider/burned-villages-democratic-republic-congo.html,https://www.nytimes.com/2018/03/07/briefing/gary-cohn-jeff-sessions-russia.html,https://www.nytimes.com/2018/03/07/briefing/trade-suu-kyi-international-womens-day.html,https://www.nytimes.com/2018/03/07/world/asia/aung-san-suu-kyi-holocaust-rohingya.html,https://www.nytimes.com/2018/03/06/briefing/north-korea-sergei-skripal-rohingya.html,https://www.nytimes.com/2018/03/05/opinion/buddhists-violence-tolerance.html,https://www.nytimes.com/2018/03/02/lens/winners-2018-pictures-of-the-year-international.html,https://www.nytimes.com/2018/03/02/opinion/i-saw-a-genocide-in-slow-motion.html,https://www.nytimes.com/2018/03/01/magazine/can-venezuela-be-saved.html
44,https://www.nytimes.com/2018/02/22/world/asia/elephant-tramples-rohingya-bangladesh.html,https://www.nytimes.com/2018/02/22/learning/making-connections-50-teenagers-suggest-creative-ways-to-link-classroom-curriculum-to-the-world-today.html,https://www.nytimes.com/2018/02/21/world/asia/-yoma-bank-bombing-in-lashio-myanmar-signals-strife-beyond-the-rohingya.html,https://www.nytimes.com/2018/02/20/us/politics/george-polk-journalism-awards-winners.html,https://www.nytimes.com/2018/02/15/briefing/florida-shooting-jacob-zuma-olympics.html,https://www.nytimes.com/2018/02/15/world/asia/rohingya-myanmar-bangladesh.html,https://www.nytimes.com/2018/02/15/opinion/venezuela-maduro-liberals.html,https://www.nytimes.com/2018/02/14/pageoneplus/corrections-february-15-2018.html,https://www.nytimes.com/2018/02/14/briefing/jacob-zuma-stormy-daniels-year-of-the-dog.html,https://www.nytimes.com/2018/02/14/lens/which-of-these-images-should-be-the-world-press-photo-of-the-year.html
45,https://www.nytimes.com/2018/02/13/world/asia/rohingya-monsoons-myanmar-bangladesh.html,https://www.nytimes.com/2018/02/11/obituaries/asma-jahangir-fearless-pakistani-rights-activist-dies-at-66.html,https://www.nytimes.com/2018/02/11/briefing/north-korea-moscow-rob-porter.html,https://www.nytimes.com/2018/02/10/world/asia/reuters-myanmar-massacre-rohingya.html,https://www.nytimes.com/2018/02/05/briefing/super-bowl-samsung-maldives.html,https://www.nytimes.com/2018/02/02/briefing/devin-nunes-rohingya-super-bowl.html,https://www.nytimes.com/2018/02/02/briefing/syria-poland-lactalis.html,https://www.nytimes.com/2018/02/01/learning/10-things-we-learned-about-teenagers-and-the-news-the-results-of-our-student-news-diet-challenge.html,https://www.nytimes.com/2018/02/01/briefing/white-house-syria-myanmar.html,https://www.nytimes.com/2018/02/01/briefing/north-korea-republican-party-facebook.html
46,https://www.nytimes.com/2018/02/01/world/asia/rohingya-myanmar-camps.html,https://www.nytimes.com/2018/01/27/world/asia/myanmar-military-ethnic-cleansing.html,https://www.nytimes.com/2018/01/25/briefing/davos-doomsday-clock-north-korea.html,https://www.nytimes.com/2018/01/24/world/asia/bill-richardson-myanmar-rohingya.html,https://www.nytimes.com/2018/01/24/briefing/afghanistan-davos-larry-nassar-.html,https://www.nytimes.com/2018/01/22/reader-center/ag-sulzberger-publisher-reader-questions.html,https://www.nytimes.com/2018/01/19/world/africa/sudan-journalists-arrests.html,https://www.nytimes.com/2018/01/17/world/asia/myanmar-rakhine-violence.html,https://www.nytimes.com/2018/01/17/briefing/winter-olympics-california-cia.html,https://www.nytimes.com/2018/01/16/briefing/bannon-california-netanyahu.html
47,https://www.nytimes.com/2018/01/10/pageoneplus/corrections-january-11-2018.html,https://www.nytimes.com/2018/01/10/briefing/7-eleven-california-tonya-harding.html,https://www.nytimes.com/2018/01/10/briefing/north-korea-california-kodak.html,https://www.nytimes.com/2018/01/10/world/asia/myanmar-reuters-reporters.html,https://www.nytimes.com/2018/01/07/briefing/north-korea-jerusalem-golden-globes.html,https://www.nytimes.com/2018/01/07/world/asia/myanmar-rohingya-militants.html,https://www.nytimes.com/2018/01/05/opinion/sunday/united-arab-emirates-comorans-citizenship.html,https://www.nytimes.com/2018/01/02/briefing/kim-jong-un-pakistan-iran.html,https://www.nytimes.com/2017/12/31/world/asia/rohingya-children-myanmar.html,https://www.nytimes.com/2017/12/29/world/20-great-reads-you-probably-missed-in-2017.html
48,https://www.nytimes.com/2017/12/29/insider/a-desperate-trek-toward-misery-and-resignation-capturing-the-plight-of-the-rohingya.html,https://www.nytimes.com/2017/12/28/world/unicef-children-war.html,https://www.nytimes.com/2017/12/27/briefing/barack-obama-north-korea-big-tech.html,https://www.nytimes.com/interactive/2017/12/21/us/2017-year-in-graphics.html,https://www.nytimes.com/2017/12/27/briefing/health-care-rohingya-johnny-bower.html,https://www.nytimes.com/2017/12/27/world/asia/myanmar-reuters-journalists.html,https://www.nytimes.com/2017/12/25/briefing/pope-francis-north-korea-jerusalem.html,https://www.nytimes.com/2017/12/25/world/europe/pope-francis-christmas-message.html,https://www.nytimes.com/2017/12/24/world/europe/pope-francis-christmas-eve-mass-refugees.html,https://www.nytimes.com/2017/12/23/world/asia/rohingya-women-abuse-myanmar.html
49,https://www.nytimes.com/2017/12/23/opinion/free-detained-journalists-in-myanmar.html,https://www.nytimes.com/2017/12/22/briefing/trump-north-korea-star-wars.html,https://www.nytimes.com/2017/12/22/insider/rohingya-family-hope.html,https://www.nytimes.com/video/world/asia/100000005564933/rohingya-family-in-exile.html,https://www.nytimes.com/interactive/2017/12/21/world/asia/how-the-rohingya-escaped.html,https://www.nytimes.com/2017/12/21/world/global-magnitsky-act-sanctions.html,https://www.nytimes.com/2017/12/21/briefing/jerusalem-south-korea-melbourne.html,https://www.nytimes.com/2017/12/20/briefing/republican-party-jerusalem-uber.html,https://www.nytimes.com/2017/12/20/briefing/republican-party-european-union-solstice.html,https://www.nytimes.com/2017/12/19/briefing/republican-party-amtrak-yemen.html
50,https://www.nytimes.com/2017/12/19/briefing/north-korea-yemen-derailment.html,https://www.nytimes.com/interactive/2017/12/19/sunday-review/2017-year-in-pictures.html,https://www.nytimes.com/2017/12/19/world/asia/myanmar-reuters-grave.html,https://www.nytimes.com/interactive/2017/12/19/world/year-from-above.html,https://www.nytimes.com/2017/12/18/world/asia/bangladesh-akayed-ullah-subway-bomber.html,https://www.nytimes.com/2017/12/18/opinion/bosnia-myanmar-rohingya-rape.html,https://www.nytimes.com/2017/12/15/opinion/sunday/genocide-myanmar-rohingya-bangladesh.html,https://www.nytimes.com/2017/12/15/opinion/trump-myanmar-pax-technica.html,https://www.nytimes.com/2017/12/14/opinion/myanmar-rohingya-ethnic-cleansing.html,https://www.nytimes.com/2017/12/14/briefing/disney-korea-theresa-may.html
51,https://www.nytimes.com/2017/12/14/world/asia/myanmar-rohingya-deaths.html,https://www.nytimes.com/video/world/europe/100000005600718/meet-the-strongmen-blaming-fake-news.html,https://www.nytimes.com/2017/12/13/world/asia/myanmar-rohingya-bangladesh-refugees.html,https://www.nytimes.com/2017/12/13/learning/special-news-quiz-2017-in-review.html,https://www.nytimes.com/2017/12/13/world/asia/myanmar-rakhine-reporters.html,https://www.nytimes.com/2017/12/12/world/europe/trump-fake-news-dictators.html,https://www.nytimes.com/2017/12/12/world/australia/australia-manus-refugees-resettlement-us.html,https://www.nytimes.com/2017/12/06/opinion/rohingya-myanmar-bangladesh.html,https://www.nytimes.com/2017/12/05/world/asia/myanmar-rohingya-genocide-un.html,https://www.nytimes.com/2017/12/05/briefing/jerusalem-winter-olympics-yemen.html
52,https://www.nytimes.com/interactive/2017/12/05/learning/05Learning-Network-News-Quiz-Trump-Tweets-Congress-Bill-Pope-Speech.html,https://www.nytimes.com/2017/12/05/opinion/china-rohingya-crisis.html,https://www.nytimes.com/2017/12/04/obituaries/surin-pitsuwan-envoy-and-voice-of-southeast-asia-dies-at-68.html,https://www.nytimes.com/2017/12/03/briefing/michael-flynn-north-korea-rohingya.html,https://www.nytimes.com/2017/12/02/world/asia/pope-francis-myanmar-rohingya.html,https://www.nytimes.com/2017/12/02/opinion/sunday/kristof-annual-gift-guide.html,https://www.nytimes.com/2017/12/02/world/asia/myanmar-rohingya-denial-history.html,https://www.nytimes.com/2017/12/01/briefing/michael-flynn-republicans-rex-tillerson.html,https://www.nytimes.com/2017/12/01/world/asia/pope-francis-rohingya.html,https://www.nytimes.com/2017/12/01/opinion/myanmar-rakhine-state-rohingya.html
53,https://www.nytimes.com/2017/12/01/books/review/annie-leibovitz-portraits-2005-2016.html,https://www.nytimes.com/2017/11/30/briefing/rex-tillerson-pope-francis-north-korea.html,https://www.nytimes.com/2017/11/30/world/asia/pope-francis-bangladesh-rohingya.html,https://www.nytimes.com/2017/11/30/world/asia/china-myanmar-aid-sanctions.html,https://www.nytimes.com/2017/11/29/briefing/north-korea-pope-francis-the-hague.html,https://www.nytimes.com/2017/11/29/world/asia/pope-francis-myanmar-rohingya.html,https://www.nytimes.com/2017/11/29/opinion/myanmar-aung-san-suu-kyi.html,https://www.nytimes.com/2017/11/29/briefing/ireland-north-korea-myanmar.html,https://www.nytimes.com/2017/11/28/briefing/senate-north-korea-uber.html,https://www.nytimes.com/2017/11/28/briefing/north-korea-rohingya-prince-harry.html
54,https://www.nytimes.com/2017/11/28/opinion/myanmar.html,https://www.nytimes.com/2017/11/28/world/asia/pope-francis-myanmar-rohingya.html,https://www.nytimes.com/2017/11/28/briefing/republican-party-donald-trump-prince-harry.html,https://www.nytimes.com/2017/11/28/briefing/meghan-markle-glyphosate-bali.html,https://www.nytimes.com/2017/11/27/briefing/mick-mulvaney-elizabeth-warren-meghan-markle.html,https://www.nytimes.com/2017/11/27/briefing/prince-harry-bali-myanmar.html,https://www.nytimes.com/2017/11/27/world/asia/pope-francis-myanmar-aung-san-suu-kyi.html,https://www.nytimes.com/2017/11/27/briefing/pope-francis-meghan-markle-bali.html,https://www.nytimes.com/2017/11/27/briefing/yemen-germany-ireland.html,https://www.nytimes.com/2017/11/26/briefing/pope-francis-sinai-attack-pakistan.html
55,https://www.nytimes.com/2017/11/26/world/asia/myanmar-rohingya-min-aung-hlaing.html,https://www.nytimes.com/2017/11/26/world/asia/pope-francis-myanmar-rohingya.html,https://www.nytimes.com/2017/11/26/briefing/egypt-roy-moore-donald-trump.html,https://www.nytimes.com/2017/11/25/opinion/sunday/myanmar-aung-san-suu-kyi-rohingya.html,https://www.nytimes.com/2017/11/24/briefing/michael-flynn-argentina-myanmar.html,https://www.nytimes.com/2017/11/23/briefing/manus-island-rohingya-argentina.html,https://www.nytimes.com/2017/11/23/world/asia/deal-on-rohingyas-myanmar-bangladesh.html,https://www.nytimes.com/2017/11/23/briefing/ratko-mladic-zimbabwe-manus-island.html,https://www.nytimes.com/2017/11/22/world/australia/manus-island-thanksgiving-australia-letter.html,https://www.nytimes.com/2017/11/22/us/politics/tillerson-myanmar-rohingya-ethnic-cleansing.html
56,https://www.nytimes.com/2017/11/22/briefing/north-korea-zimbabwe-ratko-mladic.html,https://www.nytimes.com/2017/11/21/briefing/robert-mugabe-north-korea-mount-agung.html,https://www.nytimes.com/2017/11/20/briefing/north-korea-angela-merkel-robert-mugabe.html,https://www.nytimes.com/2017/11/19/briefing/manus-island-toshiba-zimbabwe.html,https://www.nytimes.com/2017/11/18/nyregion/he-fled-myanmar-on-a-deathtrap-now-hes-the-luckiest-man-alive.html,https://www.nytimes.com/2017/11/16/briefing/robert-mugabe-myanmar-da-vinci.html,https://www.nytimes.com/2017/11/16/world/asia/myanmar-rohingya-rapes.html,https://www.nytimes.com/2017/11/15/briefing/rohingya-zimbabwe-same-sex-marriage.html,https://www.nytimes.com/2017/11/15/world/asia/rex-tillerson-myanmar-aung-san-suu-kyi.html,https://www.nytimes.com/2017/11/14/briefing/myanmar-jeff-sessions-iran.html
57,https://www.nytimes.com/2017/11/13/briefing/iran-italy-roy-moore.html,https://www.nytimes.com/2017/11/13/briefing/rodrigo-duterte-iran-rohingya.html,https://www.nytimes.com/2017/11/13/world/asia/myanmar-rohingya-intervention.html,https://www.nytimes.com/2017/11/12/briefing/north-korea-saudi-arabia-manila.html,https://www.nytimes.com/2017/11/09/arts/music/maher-zain-tour.html,https://www.nytimes.com/2017/11/03/insider/what-were-reading.html,https://www.nytimes.com/2017/11/03/opinion/aung-san-suu-kyi-myanmar-rohingya.html,https://www.nytimes.com/2017/11/03/briefing/donald-trump-thor-ragnarok-daylight-saving-time.html,https://www.nytimes.com/2017/11/03/world/asia/rohingya-myanmar-bangladesh-stateless.html,https://www.nytimes.com/2017/11/02/briefing/republican-party-jerome-powell-houston-astros.html
58,https://www.nytimes.com/2017/11/02/briefing/republican-party-donald-trump-tax-reform.html,https://www.nytimes.com/2017/11/02/world/asia/myanmar-suu-kyi-rohingya.html,https://www.nytimes.com/2017/11/01/world/australia/refugees-manus-detention.html,https://www.nytimes.com/2017/11/01/us/politics/russia-technology-facebook.html,https://www.nytimes.com/2017/10/31/briefing/facebook-paul-manafort-manus-island.html,https://www.nytimes.com/2017/10/31/world/asia/aung-san-suu-kyi-myanmar.html,https://www.nytimes.com/2017/10/31/opinion/unesco-united-states.html,https://www.nytimes.com/2017/10/31/world/australia/manus-island-refugees.html,https://www.nytimes.com/2017/10/29/briefing/russia-investigation-north-korea-catalonia.html,https://www.nytimes.com/2017/10/29/business/facebook-misinformation-abroad.html
59,https://www.nytimes.com/2017/10/29/us/burmese-refugees-sushi.html,https://www.nytimes.com/2017/10/28/insider/im-icing-my-knee-and-im-hard-boiling-some-eggs.html,https://www.nytimes.com/2017/10/27/technology/facebook-fake-content-employees.html,https://www.nytimes.com/2017/10/27/world/asia/myanmar-government-facebook-rohingya.html,https://www.nytimes.com/2017/10/26/world/asia/myanmar-rohingya-aung-san-suu-kyi.html,https://www.nytimes.com/2017/10/25/opinion/pressuring-myanmar-military-rohingya.html,https://www.nytimes.com/2017/10/25/learning/lesson-plans/teaching-about-the-rohingya-crisis-in-myanmar-with-the-new-york-times.html,https://www.nytimes.com/2017/10/24/briefing/jeff-flake-puerto-rico-world-series.html,https://www.nytimes.com/2017/10/24/briefing/rex-tillerson-xi-jinping-rohingya.html,https://www.nytimes.com/2017/10/24/world/asia/myanmar-rohingya-ethnic-cleansing.html
60,https://www.nytimes.com/2017/10/23/world/asia/rohingya-bangladesh-myanmar.html,https://www.nytimes.com/2017/10/23/briefing/rohingya-marawi-xi-jinping.html,https://www.nytimes.com/2017/10/20/business/soros-charity-zuckerberg-gates.html,https://www.nytimes.com/2017/10/19/briefing/xi-jinping-catalonia-north-korea.html,https://www.nytimes.com/2017/10/19/world/asia/myanmar-democracy-rohingya.html,https://www.nytimes.com/2017/10/19/insider/my-interview-with-a-rohingya-refugee-what-do-you-say-to-a-woman-whose-baby-was-thrown-into-a-fire.html,https://www.nytimes.com/2017/10/18/us/politics/tillerson-india-china-pakistan.html,https://www.nytimes.com/2017/10/18/briefing/xi-jinping-rohingya-islamic-state.html,https://www.nytimes.com/2017/10/18/technology/personaltech/virtual-reality-video.html,https://www.nytimes.com/2017/10/18/world/asia/rohingya-refugees-myanmar.html
61,https://www.nytimes.com/2017/10/18/magazine/how-the-appetite-for-emojis-complicates-the-effort-to-standardize-the-worlds-alphabets.html,https://www.nytimes.com/2017/10/17/briefing/raqqa-kirkuk-marawi.html,https://www.nytimes.com/2017/10/15/briefing/california-harvey-weinstein-donald-trump.html,https://www.nytimes.com/2017/10/14/world/asia/elephant-trampling-rohingya-refugees-bangladesh-killing-4.html,https://www.nytimes.com/2017/10/14/opinion/the-rohingya-who-made-it-to-chicago.html,https://www.nytimes.com/2017/10/13/podcasts/the-daily/john-kelly-rohingya-myanmar.html,https://www.nytimes.com/2017/10/12/world/asia/myanmar-diplomacy-ethnic-cleansing.html,https://www.nytimes.com/2017/10/12/briefing/rohingya-unesco-hamas.html,https://www.nytimes.com/2017/10/12/world/asia/india-buddhist-muslim-marriage.html,https://www.nytimes.com/2017/10/12/briefing/donald-trump-harvey-weinstein-new-york-yankees.html
62,https://www.nytimes.com/2017/10/12/briefing/spain-catalonia-weinstein-trump.html,https://www.nytimes.com/2017/10/11/world/australia/letter29-aussie-rules-readers-respond.html,https://www.nytimes.com/2017/10/11/briefing/california-harvey-weinstein-boy-scouts.html,https://www.nytimes.com/2017/10/11/briefing/harvey-weinstein-north-korea-kobe-steel.html,https://www.nytimes.com/2017/10/11/world/asia/rohingya-refugee-crisis.html,https://www.nytimes.com/2017/10/11/world/asia/rohingya-myanmar-atrocities.html,https://www.nytimes.com/2017/10/11/books/review/ordinary-virtues-michael-ignatieff.html,https://www.nytimes.com/2017/10/10/world/asia/un-myanmar-rohingya.html,https://www.nytimes.com/2017/10/09/briefing/kim-jong-un-catalonia-turkey.html,https://www.nytimes.com/2017/10/06/opinion/rohingya-bangladesh-myanmar.html
63,https://www.nytimes.com/2017/10/04/briefing/las-vegas-tillerson-puerto-rico.html,https://www.nytimes.com/2017/10/03/briefing/las-vegas-catalonia-puerto-rico.html,https://www.nytimes.com/2017/10/02/briefing/las-vegas-catalonia-north-korea.html,https://www.nytimes.com/2017/10/02/opinion/sanctions-myanmar.html,https://www.nytimes.com/2017/10/01/briefing/catalonia-north-korea-puerto-rico.html,https://www.nytimes.com/2017/10/01/briefing/puerto-rico-tom-price-catalonia.html,https://www.nytimes.com/2017/09/29/briefing/tom-price-rohingya-people-elon-musk.html,https://www.nytimes.com/2017/09/29/opinion/violence-myanmar-minority.html,https://www.nytimes.com/2017/09/29/world/asia/rohingya-refugees-myanmar-bangladesh.html,https://www.nytimes.com/2017/09/29/world/asia/rohingya-aid-myanmar-bangladesh.html
64,https://www.nytimes.com/2017/09/28/world/asia/myanmar-un-rohingya-drown.html,https://www.nytimes.com/2017/09/27/briefing/north-korea-kurds-bombardier.html,https://www.nytimes.com/2017/09/26/briefing/north-korea-puerto-rico-iraqi-kurdistan.html,https://www.nytimes.com/2017/09/26/insider/what-were-reading.html,https://www.nytimes.com/2017/09/25/briefing/north-korea-japan-myanmar.html,https://www.nytimes.com/2017/09/25/briefing/nfl-angela-merkel-iraqi-kurdistan.html,https://www.nytimes.com/2017/09/25/briefing/angela-merkel-nfl-catalonia.html,https://www.nytimes.com/2017/09/24/briefing/kim-jung-on-angela-merkel-nfl.html,https://www.nytimes.com/video/world/asia/100000005453328/inside-a-refugee-camp-born-of-massacre.html,https://www.nytimes.com/2017/09/23/opinion/sunday/facebook-zuckerberg-dowd.html
65,https://www.nytimes.com/2017/09/21/technology/facebook-frankenstein-sandberg-ads.html,https://www.nytimes.com/2017/09/21/briefing/north-korea-puerto-rico-iran.html,https://www.nytimes.com/2017/09/21/opinion/myanmar-rohingya-aung-san-suu-kyi.html,https://www.nytimes.com/2017/09/21/opinion/united-nations-general-assembly.html,https://www.nytimes.com/2017/09/20/world/united-nations-general-assembly.html,https://www.nytimes.com/2017/09/19/briefing/trump-hurricane-maria-mexico.html,https://www.nytimes.com/2017/09/19/briefing/united-nations-hurricane-maria-rohingya.html,https://www.nytimes.com/interactive/2017/09/19/learning/19NQLN.html,https://www.nytimes.com/2017/09/19/nyregion/new-york-today-hurricane-jose-approaches.html,https://www.nytimes.com/2017/09/19/briefing/donald-trump-hurricane-maria-sean-spicer.html
66,https://www.nytimes.com/2017/09/19/world/americas/united-nations-general-assembly.html,https://www.nytimes.com/2017/09/19/learning/teaching-activities-for-at-risk-in-rohingya-exodus-230000-children-hundreds-all-alone.html,https://www.nytimes.com/2017/09/19/briefing/un-hurricane-maria-martin-schulz.html,https://www.nytimes.com/2017/09/18/world/asia/aung-san-suu-kyi-speech-rohingya.html,https://www.nytimes.com/interactive/2017/09/18/world/asia/rohingya-villages.html,https://www.nytimes.com/2017/09/18/briefing/north-korea-rohingya-hurricane-maria.html,https://www.nytimes.com/2017/09/18/world/asia/myanmar-rohingya-ethnic-cleansing.html,https://www.nytimes.com/2017/09/18/world/asia/myanmar-rohingya-sanctions.html,https://www.nytimes.com/2017/09/18/briefing/hurricane-maria-rohingya-emmy-awards.html,https://www.nytimes.com/2017/09/18/opinion/rohingya-myanmar-military-sanctions.html
67,https://www.nytimes.com/2017/09/18/briefing/united-nations-facebook-hamas.html,https://www.nytimes.com/2017/09/17/world/americas/united-nations-un-explainer.html,https://www.nytimes.com/2017/09/17/world/americas/united-nations-general-assembly-issues.html,https://www.nytimes.com/2017/09/17/briefing/london-north-korea-rohingya.html,https://www.nytimes.com/2017/09/17/world/asia/myanmar-rohingya-militants.html,https://www.nytimes.com/2017/09/17/insider/covering-rohingya-refugees-myanmar.html,https://www.nytimes.com/2017/09/17/briefing/emmy-awards-london-hurricane-jose.html,https://www.nytimes.com/2017/09/16/world/asia/rohingya-bangladesh-refugee-camp.html,https://www.nytimes.com/2017/09/15/briefing/london-japan-cassini.html,https://www.nytimes.com/2017/09/15/world/asia/myanmar-rohingya-children.html
68,https://www.nytimes.com/2017/09/14/world/australia/its-not-about-same-sex-marriage-its-about-gender.html,https://www.nytimes.com/2017/09/14/opinion/welcoming-refugees-trump-america.html,https://www.nytimes.com/2017/09/14/learning/what-did-you-read-watch-or-listen-to-in-the-times-this-week.html,https://www.nytimes.com/2017/09/14/opinion/myanmar-rohingya-ethnic-cleansing.html,https://www.nytimes.com/2017/09/14/podcasts/the-daily/rohingya-muslims-myanmar.html,https://www.nytimes.com/2017/09/14/briefing/donald-trump-florida-martin-shkreli.html,https://www.nytimes.com/2017/09/14/briefing/jean-claude-juncker-rohingya-russia.html,https://www.nytimes.com/2017/09/13/briefing/florida-bernie-sanders-aung-san-suu-kyi.html,https://www.nytimes.com/2017/09/13/briefing/north-korea-rohingya-united-nations.html,https://www.nytimes.com/2017/09/13/world/asia/myanmar-rohingya-muslim.html
69,https://www.nytimes.com/2017/09/13/world/asia/myanmar-united-nations-aung-san-suu-kyi-rohingya.html,https://www.nytimes.com/2017/09/13/briefing/irma-supreme-court-apple.html,https://www.nytimes.com/2017/09/13/briefing/florida-rohingya-emmanuel-macron.html,https://www.nytimes.com/2017/09/12/world/asia/trump-najib-razak-malaysia-white-house.html,https://www.nytimes.com/2017/09/12/todayspaper/quotation-of-the-day-far-from-myanmars-strife-pakistans-rohingya-suffer.html,https://www.nytimes.com/2017/09/12/briefing/apple-north-korea-florida.html,https://www.nytimes.com/interactive/2017/09/12/learning/12NQLN2.html,https://www.nytimes.com/2017/09/12/briefing/florida-iphone-hillary-clinton.html,https://www.nytimes.com/2017/09/12/world/asia/rohingya-pakistan-myanmar-violence.html,https://www.nytimes.com/2017/09/12/briefing/florida-rohingya-north-korea-.html
70,https://www.nytimes.com/2017/09/11/briefing/florida-myanmar-pope-francis.html,https://www.nytimes.com/2017/09/11/briefing/rohingya-irma-north-korea.html,https://www.nytimes.com/2017/09/11/world/asia/myanmar-rohingya-ethnic-cleansing.html,https://www.nytimes.com/2017/09/10/opinion/contributors/heng-on-daw-aung-san-suu-kyi-and-the-rohingya.html,https://www.nytimes.com/2017/09/10/briefing/hurricane-irma-apple-myanmar.html,https://www.nytimes.com/2017/09/10/briefing/hurricane-irma-mexico-city-rohingya.html,https://www.nytimes.com/interactive/2017/09/09/opinion/kristof-nobel-prize-aung-san-suu-kyi-shame.html,https://www.nytimes.com/video/world/asia/100000005386512/bleak-refuge-for-rohyinga-refugees-bangladesh-camps-myanmar.html,https://www.nytimes.com/2017/09/08/world/asia/afghanistan-leaflets-islam-american-military.html,https://www.nytimes.com/2017/09/08/world/asia/myanmar-rohingya-refugees-270000.html
71,https://www.nytimes.com/2017/09/07/opinion/strip-aung-san-suu-kyi-of-her-nobel-prize.html,https://www.nytimes.com/2017/09/06/briefing/hurricane-irma-daca-it.html,https://www.nytimes.com/2017/09/06/briefing/myanmar-florida-vladimir-putin.html,https://www.nytimes.com/2017/09/06/world/americas/bangladesh-rohingya-land-mines.html,https://www.nytimes.com/2017/09/05/briefing/daca-north-korea-rohingya.html,https://www.nytimes.com/2017/09/05/briefing/north-korea-myanmar-vladimir-putin.html,https://www.nytimes.com/2017/09/05/opinion/myanmar-rohingya-abuse.html,https://www.nytimes.com/2017/09/05/world/asia/un-rohingya-bangladesh-myanmar.html,https://www.nytimes.com/2017/09/05/briefing/north-korea-dreamers-rohingya.html,https://www.nytimes.com/2017/09/05/briefing/north-korea-rohingya-angela-merkel.html
72,https://www.nytimes.com/2017/09/04/briefing/north-korea-rohingya-narendra-modi.html,https://www.nytimes.com/2017/09/04/world/asia/muslims-rohingya-daw-aung-san-suu-kyi-malala-myanmar.html,https://www.nytimes.com/2017/09/04/world/asia/myanmar-rohingya-suu-kyi-.html,https://www.nytimes.com/2017/09/04/briefing/north-korea-merkel-schulz-us-open.html,https://www.nytimes.com/2017/09/03/briefing/north-korea-myanmar-marawi-princess-mako.html,https://www.nytimes.com/interactive/2017/09/03/world/04globalnews-quiz.html,https://www.nytimes.com/2017/09/02/world/asia/rohingya-myanmar-bangladesh-refugees-massacre.html,https://www.nytimes.com/video/international-home/100000005404848/endless-stream-of-rohingya-flee-military-offensive.html,https://www.nytimes.com/2017/09/01/briefing/texas-russia-uhuru-kenyatta.html,https://www.nytimes.com/2017/09/01/world/asia/myanmar-peace-negotiator-min-zaw-oo.html
73,https://www.nytimes.com/2017/09/01/world/asia/myanmar-rohingya-refugees-boat-sinks.html,https://www.nytimes.com/2017/08/31/pageoneplus/corrections-september-1-2017.html,https://www.nytimes.com/2017/08/30/briefing/houston-tax-overhaul-syria.html,https://www.nytimes.com/2017/08/30/briefing/rohingya-houston-north-korea.html,https://www.nytimes.com/2017/08/30/world/asia/myanmar-rohingya-flee-bangladesh.html,https://www.nytimes.com/2017/08/29/world/asia/rohingya-myanmar-fighting-un-daw-aung-san-suu-kyi-bangladesh.html,https://www.nytimes.com/2017/08/29/briefing/north-korea-texas-afghanistan.html,https://www.nytimes.com/2017/08/27/world/asia/myanmar-rohingya-bangladesh.html,https://www.nytimes.com/2017/08/27/briefing/texas-tillerson-dera-sacha-sauda.html,https://www.nytimes.com/2017/08/25/world/asia/myanmar-rakhine-killed-kofi-annan.html
74,https://www.nytimes.com/2017/08/22/world/asia/pope-myanmar-bangladesh-visit-buddhist-rohingya.html,https://www.nytimes.com/2017/08/15/briefing/north-korea-iran-sierra-leone.html,https://www.nytimes.com/2017/08/10/opinion/hope-dims-in-myanmar-with-press-at-risk.html,https://www.nytimes.com/2017/08/04/learning/summer-reading-contest-week-8-what-interested-you-most-in-the-times-this-week.html,https://www.nytimes.com/2017/07/30/briefing/russia-nawaz-sharif-north-korea.html,https://www.nytimes.com/2017/07/30/world/asia/rohingya-coxs-bazar-bangladesh-myanmar.html,https://www.nytimes.com/2017/07/19/briefing/australia-apple-minnesota.html,https://www.nytimes.com/2017/07/19/world/asia/myanmar-china-us-diplomacy-trump.html,https://www.nytimes.com/2017/07/19/world/asia/thailand-human-trafficking-case.html,https://www.nytimes.com/2017/07/14/insider/what-were-reading.html
75,https://www.nytimes.com/2017/06/30/world/asia/myanmar-united-nations-rohingya.html,https://www.nytimes.com/2017/06/30/world/asia/myanmar-arrests-reporters.html,https://www.nytimes.com/2017/05/30/briefing/jared-kushner-russia-white-house.html,https://www.nytimes.com/2017/05/30/world/asia/cyclone-mora-bangladesh.html,https://www.nytimes.com/2017/05/30/world/asia/myanmar-soldiers-beating-facebook-video.html,https://www.nytimes.com/2017/05/26/world/asia/myanmar-buddhist-yangon.html,https://www.nytimes.com/2017/04/17/opinion/a-dam-project-in-myanmar.html,https://www.nytimes.com/2017/04/09/briefing/syria-stockholm-egypt.html,https://www.nytimes.com/2017/04/08/world/asia/myanmar-aung-san-suu-kyi-first-year.html,https://www.nytimes.com/2017/04/06/briefing/syria-china-devin-nunes.html
76,https://www.nytimes.com/2017/03/26/opinion/heng-on-human-rights-violations-in-myanmar.html,https://www.nytimes.com/2017/03/26/briefing/mosul-yogi-adityanath-carrie-lam.html,https://www.nytimes.com/2017/03/24/world/asia/myanmar-rakhine-rohingya-un-rights-council.html,https://www.nytimes.com/2017/02/09/briefing/tamil-nadu-afghanistan-israel.html,https://www.nytimes.com/2017/02/08/briefing/travel-ban-vladimir-putin-carbon-tax.html,https://www.nytimes.com/2017/02/08/world/asia/pope-francis-rohingya-muslims.html,https://www.nytimes.com/video/world/europe/100000004919687/popes-plea-pray-for-myanmar-muslims.html,https://www.nytimes.com/2017/02/05/briefing/jim-mattis-travel-ban-pakistan.html,https://www.nytimes.com/2017/02/03/world/asia/rohingya-myanmar-un-report.html,https://www.nytimes.com/2017/02/03/opinion/a-blow-to-myanmars-democracy.html
77,https://www.nytimes.com/2017/02/02/opinion/angelina-jolie-refugee-policy-should-be-based-on-facts-not-fear.html,https://www.nytimes.com/2017/02/02/world/asia/myanmar-ko-ni-lawyer-constitution-military.html,https://www.nytimes.com/2017/02/01/world/asia/myanmar-u-ko-ni-shooting-arrests.html,https://www.nytimes.com/2017/01/31/briefing/supreme-court-executive-orders.html,https://www.nytimes.com/2017/01/31/briefing/asia-australia-briefing.html,https://www.nytimes.com/2017/01/31/world/asia/rohingya-refugees-bangladesh.html,https://www.nytimes.com/2017/01/30/world/asia/myanmar-u-ko-ni-shooting.html,https://www.nytimes.com/2017/01/19/briefing/trump-gambia-rick-perry.html,https://www.nytimes.com/2017/01/19/us/politics/obama-transfers-4-from-guantanamo-leaving-41-there-as-term-ends.html,https://www.nytimes.com/2017/01/19/briefing/asia-australia-briefing.html
78,https://www.nytimes.com/2017/01/19/world/asia/muslim-rohingya-myanmar.html,https://www.nytimes.com/2017/01/16/opinion/the-rohingya-the-ladys-problem-from-hell.html,https://www.nytimes.com/2017/01/10/briefing/sessions-trump-dylann-roof.html,https://www.nytimes.com/2017/01/10/briefing/asia-australia-briefing.html,https://www.nytimes.com/2017/01/10/opinion/myanmars-shameful-denial.html,https://www.nytimes.com/2017/01/10/world/asia/rohingya-violence-myanmar.html,https://www.nytimes.com/video/world/asia/100000004861622/rape-fire-and-death-in-myanmar.html,https://www.nytimes.com/2017/01/03/briefing/asia-australia-briefing.html,https://www.nytimes.com/2017/01/03/world/asia/myanmar-video-police-brutality.html,https://www.nytimes.com/2016/12/19/us/politics/guantanamo-bay-obama.html
79,https://www.nytimes.com/2016/12/16/world/asia/myanmar-rohingya-violence-united-nations.html,https://www.nytimes.com/2016/12/09/opinion/sunday/australia-refugee-prisons-manus-island.html,https://www.nytimes.com/2016/12/09/world/asia/myanmar-rohingya-crisis-rakhine-muslim.html,https://www.nytimes.com/2016/12/06/world/asia/kofi-annan-myanmar-rohingya.html,https://www.nytimes.com/2016/12/05/briefing/asia-briefing.html,https://www.nytimes.com/2016/12/05/world/asia/rohingya-myanmar-health-care.html,https://www.nytimes.com/2016/12/04/briefing/asia-briefing.html,https://www.nytimes.com/2016/12/02/us/politics/obama-lifts-sanctions-myanmar.html,https://www.nytimes.com/2016/12/02/opinion/the-plight-of-the-rohingya.html,https://www.nytimes.com/2016/12/01/briefing/asia-briefing.html
80,https://www.nytimes.com/2016/12/01/world/asia/myanmars-leader-faulted-for-silence-as-army-campaigns-against-rohingya.html,https://www.nytimes.com/2016/11/21/opinion/myanmars-war-on-the-rohingya.html,https://www.nytimes.com/2016/11/19/world/asia/myanmar-rakhine-rohingya-muslim.html,https://www.nytimes.com/2016/11/14/briefing/asia-briefing.html,https://www.nytimes.com/2016/11/14/world/asia/violence-escalates-between-myanmar-forces-and-rohingya.html,https://www.nytimes.com/2016/11/01/briefing/asia-briefing.html,https://www.nytimes.com/2016/10/30/world/asia/myanmar-rohingya-muslim-rakhine-violence.html,https://www.nytimes.com/2016/10/28/world/asia/myanmar-rohingya-rakhine-state.html,https://www.nytimes.com/2016/10/20/world/asia/myanmar-rakhine-rohingya-violence.html,https://www.nytimes.com/2016/10/13/world/asia/sectarian-violence-myanmar-rakhine.html
81,https://www.nytimes.com/2016/10/11/world/asia/myanmar-attack-rakhine.html,https://www.nytimes.com/2016/09/15/world/asia/mitch-mcconnell-myanmar-aung-san-suu-kyi.html,https://www.nytimes.com/2016/09/15/world/asia/myanmar-obama.html,https://www.nytimes.com/2016/09/14/world/asia/myanmar-aung-san-suu-kyi-sanctions.html,https://www.nytimes.com/2016/09/13/opinion/keep-the-pressure-on-myanmar.html,https://www.nytimes.com/2016/09/08/world/asia/obama-asia-human-rights.html,https://www.nytimes.com/2016/09/04/opinion/sunday/what-religion-would-jesus-belong-to.html,https://www.nytimes.com/2016/07/13/opinion/when-law-is-not-justice.html,https://www.nytimes.com/2016/07/06/world/asia/rohingya-malaysia-myanmar.html,https://www.nytimes.com/2016/07/01/world/asia/myanmar-state-department-trafficking-in-persons-report.html
82,https://www.nytimes.com/2016/06/19/world/asia/myanmar-indonesia-refugees.html,https://www.nytimes.com/2016/06/03/world/asia/rohingya-bangladesh-census.html,https://www.nytimes.com/2016/05/27/opinion/australias-shameful-silence.html,https://www.nytimes.com/2016/05/23/world/asia/john-kerry-myanmar-aung-san-suu-kyi.html,https://www.nytimes.com/2016/05/09/opinion/aung-san-suu-kyis-cowardly-stance-on-the-rohingya.html,https://www.nytimes.com/2016/05/07/world/asia/myanmar-rohingya-aung-san-suu-kyi.html,https://www.nytimes.com/2016/04/11/opinion/pushing-myanmar-toward-full-democracy.html,https://www.nytimes.com/2016/03/25/opinion/human-trafficking-on-trial-in-thailand.html,https://www.nytimes.com/2016/03/08/world/asia/aung-san-suu-kyi-finds-roadblocks-on-path-to-presidency.html,https://kristof.blogs.nytimes.com/2016/02/06/we-have-a-win-a-trip-winner/
83,https://www.nytimes.com/2016/02/02/world/asia/first-freely-elected-parliament-after-decades-of-military-rule-opens-in-myanmar.html,https://www.nytimes.com/2016/01/25/opinion/ending-the-horror-of-myanmars-abuse-of-muslims.html,https://www.nytimes.com/2016/01/20/opinion/persecution-in-myanmar.html,https://www.nytimes.com/2016/01/14/opinion/in-myanmar-a-wifes-wrenching-decision.html,https://www.nytimes.com/2016/01/10/opinion/sunday/myanmars-peace-prize-winner-and-crimes-against-humanity.html,https://www.nytimes.com/interactive/2015/12/27/sunday-review/2015-year-in-pictures.html,https://www.nytimes.com/2015/12/11/world/asia/thailand-human-trafficking-asylum-australia.html,https://www.nytimes.com/2015/12/08/opinion/a-life-uprooted.html,https://www.nytimes.com/2015/12/07/opinion/eric-schmidt-on-how-to-build-a-better-web.html,https://www.nytimes.com/2015/12/06/magazine/the-last-dalai-lama.html
84,https://www.nytimes.com/2015/11/23/opinion/letters-to-the-editor.html,https://www.nytimes.com/2015/11/22/world/asia/refugees-must-not-be-turned-away-obama-says.html,https://www.nytimes.com/2015/11/19/world/asia/myanmar-election-rohingya-muslims.html,https://www.nytimes.com/2015/11/18/world/asia/myanmar-aung-san-suu-kyi.html,https://www.nytimes.com/video/world/asia/100000004032093/win-for-burmese-opposition-not-muslims.html,https://www.nytimes.com/2015/11/10/world/asia/myanmar-election-results-aung-san-suu-kyi.html,https://www.nytimes.com/2015/11/07/opinion/cartoon-chappatte-on-myanmars-election.html,https://www.nytimes.com/2015/11/07/opinion/aung-san-suu-kyi-myanmar-the-lady-and-the-election.html,https://www.nytimes.com/2015/11/06/world/asia/myanmar-election-president-aung-san-suu-kyi-explainer.html,https://www.nytimes.com/2015/11/06/opinion/myanmar-goes-to-the-polls.html
85,https://www.nytimes.com/2015/11/03/opinion/myanmar-election-disenfranchised-rohingya.html,https://www.nytimes.com/slideshow/2015/06/11/world/asia/for-the-rohingya-of-myanmar-a-hardscrabble-existence.html,https://www.nytimes.com/2015/09/25/opinion/a-myanmar-pact-for-peace.html,https://www.nytimes.com/video/world/100000003928506/for-rohingya-fear-and-forced-marriages.html,https://sinosphere.blogs.nytimes.com/2015/09/09/for-china-migrant-crisis-is-someone-elses-fault-and-responsibility/,https://www.nytimes.com/2015/08/29/world/asia/myanmar-democracy-icon-finds-herself-assailed-as-authoritarian.html,https://learning.blogs.nytimes.com/2015/08/25/summer-reading-contest-winner-week-9-my-jon-stewart-withdrawal-syndrome/,https://www.nytimes.com/2015/08/24/world/asia/myanmar-lawmaker-u-shwe-maung-barred-from-re-election-on-citizenship-grounds.html,https://www.nytimes.com/2015/08/03/world/asia/rohingya-women-flee-violence-only-to-be-sold-into-marriage.html,https://www.nytimes.com/video/world/100000003832625/for-rohingya-fear-and-forced-marriages.html
86,https://www.nytimes.com/2015/07/28/world/asia/thailands-low-ranking-in-human-trafficking-report-could-hamper-trade-deal.html,https://www.nytimes.com/2015/07/25/world/asia/thailand-charges-72-with-human-trafficking-crimes-ahead-of-us-report.html,https://www.nytimes.com/2015/07/24/world/asia/bangladesh-human-trafficking.html,https://www.nytimes.com/slideshow/2015/07/10/nytnow/20150711-nytnow-instagram.html,https://www.nytimes.com/2015/07/08/world/asia/rohingya-family-myanmar-refugee-aid.html,https://www.nytimes.com/2015/07/06/world/asia/myanmar-rohingya-refugee-crisis-malaysia.html,https://www.nytimes.com/2015/06/29/world/asia/china-and-india-are-sitting-out-refugee-crisis.html,https://www.nytimes.com/2015/06/18/world/60-million-people-fleeing-chaotic-lands-un-says.html,https://www.nytimes.com/2015/06/18/world/asia/interview-mahathir-mohamad-former-prime-minister-malaysia.html,https://www.nytimes.com/2015/06/14/opinion/lost-voices-of-the-worlds-refugees.html
87,https://www.nytimes.com/video/world/asia/100000003733849/for-rohingya-days-of-waiting.html,https://www.nytimes.com/2015/06/13/world/asia/myanmar-to-bar-rohingya-from-fleeing-but-wont-address-their-plight.html,https://www.nytimes.com/2015/06/13/world/asia/myanmars-missing-rohingya.html,https://www.nytimes.com/slideshow/2015/06/11/world/asia/20150612-ROHINGYA.html,https://www.nytimes.com/video/multimedia/100000003736617/actor-matt-dillon-urges-action-on-myanmars-refugees-crisis.html,https://www.nytimes.com/video/multimedia/100000003736554/actor-matt-dillon-urges-action-on-myanmars-refugees-crisis.html,https://www.nytimes.com/video/multimedia/100000003736529/actor-matt-dillon-urges-action-on-myanmars-refugees-crisis.html,https://www.nytimes.com/2015/06/12/world/asia/aung-san-suu-kyi-of-myanmar-meets-with-xi-jinping-in-beijing.html,https://www.nytimes.com/interactive/2015/06/09/world/migrants-global-refugee-crisis-mediterranean-ukraine-syria-rohingya-malaysia-iraq.html,https://www.nytimes.com/2015/06/04/nytnow/your-thursday-evening-briefing.html
88,https://www.nytimes.com/video/multimedia/100000003723318/migrants-face-cramped-conditions-in-myanmar-while-awaiting-repat.html,https://lens.blogs.nytimes.com/2015/06/04/rohingya-refugees-stateless-in-southeast-asia/,https://www.nytimes.com/slideshow/2015/06/03/blogs/20150603-lens-omi.html,https://www.nytimes.com/2015/06/04/world/asia/rohingya-migrants-malaysia.html,https://www.nytimes.com/video/multimedia/100000003715792/obama-calls-on-myanmar-to-end-discrimination-of-rohingyas.html,https://www.nytimes.com/2015/05/30/world/asia/myanmar-deflects-un-criticism-over-rohingya.html,https://www.nytimes.com/2015/05/29/nytnow/latest-news-fifa-elections-asian-migrants-texas-weather.html,https://www.nytimes.com/2015/05/29/opinion/horrors-of-human-trafficking-in-south-asia.html,https://www.nytimes.com/2015/05/29/world/asia/dalai-lama-urges-aung-san-suu-kyi-to-help-myanmars-rohingya.html,https://www.nytimes.com/video/multimedia/100000003707008/myanmar-protesters-denounce-un-advocacy-for-rohingya.html
89,https://www.nytimes.com/2015/05/28/world/asia/migrant-crisis-indonesia-rohingya-bangladesh.html,https://www.nytimes.com/2015/05/28/opinion/tash-aw-malaysias-duty-to-the-rohingyas.html,https://www.nytimes.com/2015/05/27/world/asia/jungle-camp-in-malaysia-yields-graves-and-signs-of-migrant-abuse.html,https://www.nytimes.com/2015/05/27/world/asia/myanmar-bangladesh-rohingya-migrant-crisis-shows-signs-of-ebbing.html,https://afterdeadline.blogs.nytimes.com/2015/05/26/news-cliches-from-all-over/,https://www.nytimes.com/video/world/asia/100000003702579/decomposed-remains-found-in-malaysia.html,https://www.nytimes.com/2015/05/26/world/asia/migrants-flooding-into-malaysia-trade-one-nightmare-for-another.html,https://www.nytimes.com/video/world/asia/100000003702296/malaysia-police-chief-comments-on-graves.html,https://www.nytimes.com/2015/05/26/world/asia/malaysia-mass-graves-suspected-of-being-rohingya-and-bangladeshi-migrants.html,https://www.nytimes.com/2015/05/25/opinion/international/the-rohingya-migrants-plight.html
90,https://www.nytimes.com/video/multimedia/100000003700712/un-chief-cause-of-asian-migrant-crisis-must-be-addressed.html,https://www.nytimes.com/2015/05/23/world/asia/myanmars-navy-seizes-2-boats-carrying-over-200-migrants.html,https://www.nytimes.com/video/multimedia/100000003698999/myanmars-stateless-rohingya-suffering-from-everything.html,https://www.nytimes.com/2015/05/22/world/asia/myanmar-rohingya-migrant-crisis-malaysia-thailand-indonesia.html,https://www.nytimes.com/2015/05/21/world/europe/eus-military-crackdown-on-migrant-smugglers-stirs-skepticism.html,https://www.nytimes.com/2015/05/21/world/asia/indonesia-malaysia-rohingya-bangladeshi-migrants-agreement.html,https://www.nytimes.com/2015/05/20/opinion/thomas-friedman-hillary-jeb-facebook-and-disorder.html,https://www.nytimes.com/interactive/2015/05/20/world/asia/document-malaysia-indonesia-thailand-statement-on-asia-migrants-crisis.html,https://www.nytimes.com/2015/05/18/nytnow/latest-news-waco-shootout-amtrak-service-resumes-and-more.html,https://www.nytimes.com/video/multimedia/100000003688348/rohingya-migrants-discovered-near-thai-border.html
91,https://www.nytimes.com/times-insider/2015/05/15/migrants-at-sea-up-close-reporters-notebook/,https://www.nytimes.com/2015/05/16/world/asia/migrant-boat-myanmar-thailand.html,https://www.nytimes.com/video/multimedia/100000003686108/migrants-rest-at-a-shelter-in-indonesia.html,https://www.nytimes.com/interactive/2015/05/14/world/asia/Understanding-Southeast-Asias-Migrant-Crisis.html,https://www.nytimes.com/2015/05/15/world/asia/burmese-rohingya-bangladeshi-migrants-andaman-sea.html,https://www.nytimes.com/interactive/2015/05/13/world/asia/15rohingya-explainer.html,https://www.nytimes.com/2015/05/14/opinion/nicholas-kristof-crisis-at-sea.html,https://www.nytimes.com/2015/05/13/opinion/the-rohingya-refugees-adrift.html,https://www.nytimes.com/2015/05/13/world/asia/myanmar-rohingya-refugees-rakhine-burma.html,https://www.nytimes.com/2015/05/13/world/asia/asian-nations-struggle-as-thousands-of-migrants-approach-by-sea.html
92,https://learning.blogs.nytimes.com/2015/05/12/6-qs-about-the-news-more-than-1000-refugees-land-on-malaysian-resort-island/,https://www.nytimes.com/2015/05/12/world/asia/more-than-1000-refugees-land-on-malaysian-resort-island.html,https://www.nytimes.com/2015/05/11/nytnow/latest-news-migrant-smuggling-greece-deadline-and-more.html,https://www.nytimes.com/video/multimedia/100000003676732/rohingya-bangladeshi-refugees-rescued-off-indonesian-coast.html,https://www.nytimes.com/2015/05/05/world/asia/thailand-to-open-inquiry-into-human-trafficking-network.html,https://www.nytimes.com/2015/03/21/opinion/backsliding-on-reform-in-myanmar.html,https://www.nytimes.com/2015/03/19/world/asia/myanmar-shows-signs-of-democratic-reversal-un-official-says.html,https://www.nytimes.com/video/multimedia/100000003518993/myanmar-to-revoke-minority-id-cards.html,https://www.nytimes.com/2014/12/17/world/2014-was-deadliest-year-for-migrants-group-says.html,https://www.nytimes.com/video/multimedia/100000003245550/rohingyas-fleeing-myanmar-feared-missing.html
93,https://www.nytimes.com/2014/11/19/world/bangladesh-intercepts-ship-holding-600-trafficking-victims.html,https://www.nytimes.com/video/world/asia/100000003235069/obama-meets-myanmars-opposition-leader.html,https://www.nytimes.com/2014/11/15/world/asia/obama-aung-san-suu-kyi-myanmar.html,https://www.nytimes.com/2014/11/14/world/asia/obama-will-try-to-push-myanmar-back-on-the-path-toward-democracy.html,https://www.nytimes.com/2014/11/13/world/asia/for-some-daw-aung-san-suu-kyi-falls-short-of-expectations-in-myanmar.html,https://www.nytimes.com/2014/11/11/opinion/mr-obamas-message-to-myanmar.html,https://learning.blogs.nytimes.com/2014/11/07/6-qs-about-the-news-as-myanmar-advances-resettlement-plan-rohingya-flee/,https://www.nytimes.com/slideshow/2014/11/07/world/asia/07myanmar-ss-nytnow.html,https://www.nytimes.com/2014/11/07/world/asia/rohingya-myanmar-rakhine-state-thailand-malaysia.html,https://www.nytimes.com/2014/11/01/world/asia/on-visit-obama-to-face-a-backsliding-myanmar-.html
94,https://www.nytimes.com/2014/10/30/opinion/the-persecution-of-the-rohingya.html,https://www.nytimes.com/2014/10/09/opinion/bill-maher-isnt-the-only-one-who-misunderstands-religion.html,https://www.nytimes.com/2014/09/29/business/sectarian-violence-in-myanmar-threatens-the-livelihoods-of-muslims.html,https://www.nytimes.com/2014/09/02/us/from-afar-the-united-states-seems-at-odds-with-its-ideals.html,https://www.nytimes.com/2014/08/23/world/asia/dangers-abound-for-thousands-taking-to-the-ocean-in-search-of-safety.html,https://www.nytimes.com/2014/08/22/opinion/myanmar-regresses-on-rights.html,https://www.nytimes.com/2014/08/11/world/asia/kerry-citing-bumps-urges-myanmar-to-stay-on-path-to-democracy.html,https://www.nytimes.com/2014/07/13/world/asia/mandalays-chinese-muslims-chilled-by-riots.html,https://www.nytimes.com/2014/07/09/opinion/malaysia-is-fighting-the-scourge.html,https://www.nytimes.com/2014/07/05/world/asia/in-myanmar-democracys-euphoria-losing-its-glow.html
95,https://learning.blogs.nytimes.com/2014/07/01/summer-reading-contest-winner-week-one-21st-century-concentration-camps/,https://www.nytimes.com/2014/07/01/opinion/malaysias-dismal-trafficking-record.html,https://kristof.blogs.nytimes.com/2014/06/27/ethnic-cleansing-captured-on-film/,https://www.nytimes.com/times-insider/2014/06/25/in-the-darkness-of-myanmars-camps-lighter-moments-of-life/,https://www.nytimes.com/2014/06/22/opinion/sunday/thai-seafood-is-contaminated-by-human-trafficking.html,https://www.nytimes.com/2014/06/21/world/asia/us-gives-thailand-and-malaysia-lowest-grade-on-human-trafficking.html,https://kristof.blogs.nytimes.com/2014/06/17/how-to-help-myanmars-muslim-minority/,https://kristof.blogs.nytimes.com/2014/06/16/a-new-video-of-modern-day-concentration-camps/,https://www.nytimes.com/interactive/2014/06/16/opinion/nicholas-kristof-myanmar-documentary.html,https://www.nytimes.com/video/opinion/100000002939059/21st-century-concentration-camps.html
96,https://kristof.blogs.nytimes.com/2014/06/12/a-wedding-and-a-funeral/,https://kristof.blogs.nytimes.com/2014/06/09/the-male-disappearing-act/,https://kristof.blogs.nytimes.com/2014/06/06/risking-a-leg-instead-of-seeing-a-doctor/,https://www.nytimes.com/2014/06/07/opinion/the-people-vs-the-monks.html,https://www.nytimes.com/2014/06/05/opinion/kristof-theres-a-kind-of-hush.html,https://kristof.blogs.nytimes.com/2014/06/03/portraits-of-people-in-myanmar/,https://kristof.blogs.nytimes.com/2014/05/31/with-the-rohingya-in-myanmar/,https://www.nytimes.com/2014/06/01/opinion/sunday/kristof-obama-success-or-global-shame.html,https://www.nytimes.com/2014/05/29/opinion/kristof-myanmars-appalling-apartheid.html,https://www.nytimes.com/2014/05/28/opinion/28iht-edlets28.html
97,https://kristof.blogs.nytimes.com/2014/05/27/so-many-pharmacies-too-few-doctors/,https://kristof.blogs.nytimes.com/2014/05/23/why-journalists-need-to-squint/,https://www.nytimes.com/2014/05/23/opinion/myanmars-journalists-still-at-risk.html,https://kristof.blogs.nytimes.com/2014/05/21/one-childs-quest-for-education-in-a-burmese-refugee-camp/,https://kristof.blogs.nytimes.com/2014/05/20/the-waiting-game/,https://www.nytimes.com/2014/05/20/opinion/malik-myanmars-buddhist-bigots.html,https://www.nytimes.com/2014/05/03/pageoneplus/quotation-of-the-day-for-saturday-may-3-2014.html,https://www.nytimes.com/2014/05/03/world/asia/death-stalks-muslims-as-myanmar-cuts-off-aid.html,https://www.nytimes.com/2014/04/30/world/asia/for-obama-a-familiar-region-with-familiar-troubles.html,https://www.nytimes.com/2014/04/28/world/asia/obama-malaysia.html
98,https://www.nytimes.com/video/multimedia/100000002839548/myanmars-muslim-rohingyas-say-theyre-facing-nutrition-crisis.html,https://www.nytimes.com/2014/04/20/world/asia/deadly-clash-between-vietnamese-border-guards-and-chinese-migrants-reported.html,https://www.nytimes.com/2014/04/15/business/media/2014-pulitzer-prize-winners-in-journalism-letters-drama-and-music.html,https://www.nytimes.com/2014/04/15/business/media/coverage-of-snowden-and-boston-attack-win-pulitzer-prizes.html,https://www.nytimes.com/video/multimedia/100000002796622/myanmars-historic-census-draws-criticism-from-rohingyas.html,https://www.nytimes.com/video/multimedia/100000002795909/ngos-targeted-in-myanmar-causing-food-prices-to-soar.html,https://www.nytimes.com/2014/03/26/opinion/australias-guantanamo-problem.html,https://www.nytimes.com/2014/03/18/opinion/myanmars-deadly-medicine.html,https://www.nytimes.com/2014/03/15/world/asia/trapped-between-home-and-refuge-burmese-muslims-are-brutalized.html,https://www.nytimes.com/2014/03/15/world/asia/more-than-200-detained-in-raid-on-thai-jungle-camp.html
99,https://www.nytimes.com/2014/03/14/world/asia/myanmar-bans-doctors-without-borders.html,https://www.nytimes.com/2014/03/02/world/asia/rise-in-bigotry-fuels-massacre-inside-myanmar.html,https://www.nytimes.com/2014/01/25/world/asia/un-says-muslims-were-massacred-in-tense-myanmar-region.html,https://www.nytimes.com/2014/01/10/opinion/myanmars-constitutional-reform.html,https://www.nytimes.com/2013/12/12/opinion/ethnic-violence-in-myanmar.html,https://www.nytimes.com/2013/11/10/world/asia/elderly-womans-killing-lays-bare-myanmars-religious-divisions.html,https://www.nytimes.com/2013/10/14/opinion/the-bay-of-bengal-in-peril-from-climate-change.html,https://www.nytimes.com/2013/10/03/world/asia/myanmar-violence-buddhists-muslims.html,https://www.nytimes.com/2013/08/23/world/asia/un-criticizes-australia-over-asylum-policy.html,https://www.nytimes.com/2013/08/13/world/asia/myanmar-un-envoy-visits-troubled-state.html
100,https://www.nytimes.com/2013/07/16/world/asia/myanmar-admits-to-political-prisoners-pledging-their-freedom.html,https://www.nytimes.com/2013/07/11/world/un-secretary-general-warns-myanmar-on-religious-violence.html,https://www.nytimes.com/2013/07/08/world/asia/explosions-rock-buddhist-temple-in-india.html,https://latitude.blogs.nytimes.com/2013/07/02/order-of-the-heedless/,https://www.nytimes.com/2013/06/21/world/asia/extremism-rises-among-myanmar-buddhists-wary-of-muslim-minority.html,https://www.nytimes.com/2013/05/31/opinion/attacks-on-myanmars-muslims.html,https://rendezvous.blogs.nytimes.com/2013/05/29/2-child-limit-for-some-muslims-brings-new-scrutiny-to-myanmar/,https://www.nytimes.com/2013/05/21/world/asia/obama-couples-praise-for-burmese-leader-with-warning-against-violence.html,https://www.nytimes.com/2013/05/21/opinion/global/what-obama-needs-to-tell-myanmars-leader.html,https://www.nytimes.com/2013/05/12/world/asia/cyclone-could-threaten-myanmar-refugees.html
101,https://www.nytimes.com/2013/04/25/opinion/will-hatred-kill-the-dream-of-a-peaceful-democratic-myanmar.html,https://rendezvous.blogs.nytimes.com/2013/04/22/iht-quick-read-april-22/,https://rendezvous.blogs.nytimes.com/2013/04/21/report-says-myanmar-was-complicit-in-anti-muslim-violence/,https://latitude.blogs.nytimes.com/2013/04/17/myanmars-monks-have-become-corrupt-and-dangerously-sectarian/,https://www.nytimes.com/2013/04/06/world/asia/buddhist-muslim-tensions-spread-as-detainees-die-in-indonesia.html,https://www.nytimes.com/2013/04/04/opinion/global/keep-myanmar-on-track.html,https://latitude.blogs.nytimes.com/2013/03/29/violence-against-muslims-in-meiktila-myanmar/,https://www.nytimes.com/2013/03/29/world/asia/myanmar-leader-says-he-may-use-force-over-rioting.html,https://www.nytimes.com/2013/03/23/world/asia/toll-rises-as-sectarian-violence-in-myanmar-spreads.html,https://www.nytimes.com/2013/03/22/world/asia/sectarian-clashes-are-reported-in-central-myanmar.html
102,https://www.nytimes.com/2013/03/08/world/asia/myanmar-reforms-could-falter-un-investigator-says.html,https://www.nytimes.com/2013/03/06/opinion/global/one-million-syrian-refugees.html,https://lens.blogs.nytimes.com/2013/01/04/from-bangladesh-a-photo-festival-builds-bridges/,https://www.nytimes.com/2012/11/30/world/asia/muslims-face-expulsion-from-western-myanmar.html,https://india.blogs.nytimes.com/2012/11/20/daw-aung-san-suu-kyi-offers-little-hope-for-rohingya-refugees/,https://www.nytimes.com/2012/11/19/world/asia/obama-heads-to-myanmar-as-it-promises-more-reforms.html,https://rendezvous.blogs.nytimes.com/2012/11/17/obamas-visit-to-myanmar-validation-or-a-disgrace/,https://www.nytimes.com/2012/11/17/opinion/president-obama-goes-to-asia.html,https://rendezvous.blogs.nytimes.com/2012/11/06/a-fresh-start-for-women-in-myanmar/,https://www.nytimes.com/2012/11/06/world/asia/aid-for-refugees-in-myanmar-threatened-by-violence.html
