,0
0,https://www.nytimes.com/2020/10/17/world/asia/rohingya-child-brides.html
1,https://www.nytimes.com/2020/10/12/world/asia/myanmar-thailand-gods-army-htoo-twins.html
2,https://www.nytimes.com/2020/09/22/world/asia/un-general-assembly-live-updates.html
3,https://www.nytimes.com/2020/09/18/opinion/facebook-democracy.html
4,https://www.nytimes.com/2020/09/15/world/United-Nations-General-Assembly.html
5,https://www.nytimes.com/2020/09/11/briefing/11-of-our-best-weekend-reads.html
6,https://www.nytimes.com/2020/09/09/briefing/astrazeneca-california-wildfires-justice-department-your-wednesday-briefing.html
7,https://www.nytimes.com/2020/09/08/briefing/rohingya-genocide-belarus-astrazeneca-trials.html
8,https://www.nytimes.com/2020/09/08/briefing/stimulus-wildfires-capri-virus.html
9,https://www.nytimes.com/2020/09/08/briefing/rohingya-myanmar-china-border-india.html
10,https://www.nytimes.com/2020/09/08/world/asia/myanmar-rohingya-genocide.html
11,https://www.nytimes.com/2020/09/07/world/asia/rohingya-refugees-boat-indonesia.html
12,https://www.nytimes.com/2020/09/07/world/covid-19-coronavirus.html
13,https://www.nytimes.com/2020/08/23/world/asia/cambodia-facebook-disinformation.html
14,https://www.nytimes.com/2020/08/21/world/cdc-childcare-centers-reopening.html
15,https://www.nytimes.com/2020/08/04/magazine/behrouz-boochani-australia.html
16,https://www.nytimes.com/interactive/2020/07/10/briefing/vaccines-harpers-magazine-ennio-morricone-news-quiz.html
17,https://www.nytimes.com/2020/07/07/briefing/uk-sanctions-facebook-jair-bolsonaro.html
18,https://www.nytimes.com/2020/07/06/world/europe/britain-human-rights-sanctions.html
19,https://www.nytimes.com/2020/07/06/world/asia/china-xinjiang-uighur-court.html
20,https://www.nytimes.com/2020/06/29/world/asia/bangladesh-ferry-capsize.html
21,https://www.nytimes.com/2020/06/09/world/coronavirus-us-usa.html
22,https://www.nytimes.com/2020/06/04/world/middleeast/coronavirus-egypt-america-africa-asia.html
23,https://www.nytimes.com/2020/06/04/world/coronavirus-us-update.html
24,https://www.nytimes.com/2020/06/03/briefing/america-protests-paris-cafes-ebola.html
25,https://www.nytimes.com/2020/06/02/briefing/protests-us-minneapolis-rohingya-refugees.html
26,https://www.nytimes.com/2020/06/02/world/live-coronavirus.html
27,https://www.nytimes.com/2020/06/01/world/coronavirus-world-news.html
28,https://www.nytimes.com/2020/05/20/briefing/michigan-reopening-breland.html
29,https://www.nytimes.com/2020/05/20/briefing/xi-jinping-cyclone-india-bangladesh.html
30,https://www.nytimes.com/2020/05/20/world/asia/cyclone-amphan-india-bangladesh.html
31,https://www.nytimes.com/2020/05/20/world/asia/cyclone-amphan-india-bangladesh-map.html
32,https://www.nytimes.com/2020/05/19/briefing/who-meeting-coronavirus-cyclone-amphan.html
33,https://www.nytimes.com/2020/05/19/world/asia/cyclone-amphan-bangladesh-india.html
34,https://www.nytimes.com/2020/05/19/world/coronavirus-news.html
35,https://www.nytimes.com/2020/05/15/world/asia/coronavirus-bangkok-reporter-family.html
36,https://www.nytimes.com/2020/05/15/briefing/coronavirus-jobs-richard-burr-your-friday-briefing.html
37,https://www.nytimes.com/2020/05/15/world/coronavirus-news.html
38,https://www.nytimes.com/2020/05/14/us/coronavirus-today.html
39,https://www.nytimes.com/2020/05/14/briefing/mumbai-outbreak-coronavirus-refugee-camps.html
40,https://www.nytimes.com/2020/05/14/us/coronavirus-news-updates.html
41,https://www.nytimes.com/2020/05/14/world/live-coronavirus-tracker.html
42,https://www.nytimes.com/2020/05/04/world/americas/coronavirus-migrants.html
43,https://www.nytimes.com/2020/05/02/world/coronavirus-news.html
44,https://www.nytimes.com/2020/05/01/world/asia/rohingya-muslim-refugee-crisis.html
45,https://www.nytimes.com/interactive/2020/04/27/learning/Myanmar-Geography-Quiz.html
46,https://www.nytimes.com/2020/04/23/opinion/coronavirus-ramadan-iftar.html
47,https://www.nytimes.com/2020/04/19/briefing/india-lockdown-virus-Afghanistan-palace-Hong-Kong-protests.html
48,https://www.nytimes.com/2020/04/19/world/coronavirus-news.html
49,https://www.nytimes.com/2020/04/18/world/coronavirus-cases-tracker.html
50,https://www.nytimes.com/2020/04/06/style/diy-haggadah.html
51,https://www.nytimes.com/2020/04/03/world/asia/myanmar-journalists-arrest-arakan.html
52,https://www.nytimes.com/2020/03/26/world/asia/coronavirus-refugees-camps-bangladesh.html
53,https://www.nytimes.com/2020/03/24/us/politics/un-coronavirus-aid.html
54,https://www.nytimes.com/2020/03/20/world/asia/coronavirus-malaysia-muslims-outbreak.html
55,https://www.nytimes.com/2020/03/13/learning/making-connections-56-teenagers-suggest-creative-ways-to-link-school-curriculum-to-the-world-of-2020.html
56,https://www.nytimes.com/2020/03/11/briefing/coronavirus-bernie-sanders-dinosaurs.html
57,https://www.nytimes.com/2020/03/11/science/amber-myanmar-paleontologists.html
58,https://www.nytimes.com/2020/03/11/science/smallest-dinosaur-amber.html
59,https://www.nytimes.com/2020/03/08/arts/human-migration-santa-fe.html
60,https://www.nytimes.com/2020/02/27/learning/lesson-of-the-day-800000-syrians-have-fled-in-three-months-this-is-what-it-looks-like.html
61,https://www.nytimes.com/2020/02/26/world/middleeast/syria-idlib-refugees.html
62,https://www.nytimes.com/2020/02/24/briefing/coronavirus-harvey-weinstein-kobe-bryant.html
63,https://www.nytimes.com/2020/02/17/opinion/photojournalism-children-nick-ut.html
64,https://www.nytimes.com/interactive/2020/02/14/world/middleeast/syria-idlib-displaced.html
65,https://www.nytimes.com/2020/02/12/t-magazine/palestinian-food.html
66,https://www.nytimes.com/2020/02/11/world/asia/rohingya-refugees-boat-bangladesh.html
67,https://www.nytimes.com/2020/02/04/learning/lesson-of-the-day-trump-administration-adds-six-countries-to-travel-ban.html
68,https://www.nytimes.com/2020/01/31/us/politics/trump-travel-ban.html
69,https://www.nytimes.com/2020/01/31/opinion/soros-facebook-zuckerberg.html
70,https://www.nytimes.com/2020/01/29/magazine/uyghur-muslims-china.html
71,https://www.nytimes.com/2020/01/27/world/europe/auschwitz-memorial-anniversary.html
72,https://www.nytimes.com/2020/01/24/world/asia/myanmar-rohingya-genocide.html
73,https://www.nytimes.com/interactive/2020/01/24/briefing/coronavirus-impeachment-davos-news-quiz.html
74,https://www.nytimes.com/2020/01/24/briefing/coronavirus-impeachment-isabel-dos-santos.html
75,https://www.nytimes.com/2020/01/23/briefing/wuhan-coronavirus-australia-fires-myanmar.html
76,https://www.nytimes.com/2020/01/23/briefing/china-rohingya-muslims-eli-manning.html
77,https://www.nytimes.com/2020/01/23/world/asia/myanmar-rohingya-genocide.html
78,https://www.nytimes.com/2020/01/18/world/asia/facebook-xi-jinping.html
79,https://www.nytimes.com/2020/01/16/world/asia/myanmar-china-xi-jinping.html
80,https://www.nytimes.com/2019/12/27/opinion/india-constitution-protests.html
81,https://www.nytimes.com/interactive/2019/world/decade-in-pictures.html
82,https://www.nytimes.com/2019/12/18/opinion/india-citizenship-bill-muslims.html
83,https://www.nytimes.com/2019/12/17/world/asia/india-muslims-state-department.html
84,https://www.nytimes.com/2019/12/17/world/asia/india-protests-citizenship-muslims.html
85,https://www.nytimes.com/interactive/2019/12/13/briefing/impeachment-uk-election-art-basel-miami-beach-news-quiz.html
86,https://www.nytimes.com/2019/12/12/briefing/british-election-new-zealand-mission-china-trade.html
87,https://www.nytimes.com/2019/12/12/world/asia/aung-san-suu-kyi-rohingya-genocide-myanmar.html
88,https://www.nytimes.com/2019/12/12/briefing/election-boris-johnson-labour.html
89,https://www.nytimes.com/2019/12/11/briefing/fbi-jersey-city-yankees.html
90,https://www.nytimes.com/2019/12/11/world/europe/Nobel-Peace-Prize-image-history.html
91,https://www.nytimes.com/2019/12/11/briefing/british-election-saudi-aramco-rohingya.html
92,https://www.nytimes.com/video/world/asia/100000006869500/aung-san-suu-kyi-rohingya.html
93,https://www.nytimes.com/2019/12/11/world/asia/india-muslims-citizenship-narendra-modi.html
94,https://www.nytimes.com/2019/12/11/world/asia/aung-san-suu-kyi-rohingya-myanmar-genocide-hague.html
95,https://www.nytimes.com/2019/12/10/briefing/impeachment-new-zealand-volcano-chechnya.html
96,https://www.nytimes.com/2019/12/10/briefing/impeachment-new-zealand-volcano-myanmar.html
97,https://www.nytimes.com/2019/12/10/world/asia/aung-san-suu-kyi-myanmar-genocide-hague.html
98,https://www.nytimes.com/2019/12/10/briefing/Brexit-New-Zealand-volcano-Juice-WRLD.html
99,https://www.nytimes.com/2019/12/09/briefing/afghanistan-papers-new-zealand-volcano-xinjiang.html
100,https://www.nytimes.com/2019/12/05/books/times-critics-top-books-of-2019.html
101,https://www.nytimes.com/interactive/2019/11/30/opinion/editorials/fake-news.html
102,https://www.nytimes.com/2019/11/21/arts/television/sesame-street-middle-east-trauma.html
103,https://www.nytimes.com/2019/11/19/books/review-hidden-history-burma-thant-myint-u.html
104,https://www.nytimes.com/2019/11/11/briefing/hong-kong-myanmar-uber.html
105,https://www.nytimes.com/2019/11/11/world/asia/myanmar-rohingya-genocide.html
106,https://www.nytimes.com/2019/11/01/learning/should-facebook-fact-check-political-speech.html
107,https://www.nytimes.com/2019/10/28/world/asia/myanmar-ferry-hostages-arakan.html
108,https://www.nytimes.com/2019/10/24/world/dispatches-odd-offbeat-international-news.html
109,https://www.nytimes.com/2019/10/17/opinion/trump-mcraven-syria-military.html
110,https://www.nytimes.com/2019/10/16/briefing/brexit-impeachment-inquiry-turkey.html
111,https://www.nytimes.com/2019/10/16/briefing/democratic-party-brexit-washington-nationals.html
112,https://www.nytimes.com/2019/10/16/briefing/democratic-debate-brexit-rohingya.html
113,https://www.nytimes.com/interactive/2019/10/15/world/asia/myanmar-ethnic-cleansing.html
114,https://www.nytimes.com/2019/10/13/world/asia/myanmar-soccer-kidnapping.html
115,https://www.nytimes.com/2019/10/03/opinion/facebook-antitrust.html
116,https://www.nytimes.com/2019/10/03/opinion/letters/refugees-trump.html
117,https://www.nytimes.com/2019/10/01/opinion/kristof-new-york-times.html
118,https://www.nytimes.com/2019/09/29/world/europe/pope-francis-migrants-sculpture.html
119,https://www.nytimes.com/2019/09/27/opinion/editorials/trump-refugees.html
120,https://www.nytimes.com/2019/09/25/world/asia/imran-khan-kashmir-india.html
121,https://www.nytimes.com/2019/09/24/opinion/rohingya-refugees-myanmar-return-bangladesh.html
122,https://www.nytimes.com/2019/09/23/opinion/press-freedom-arthur-sulzberger.html
123,https://www.nytimes.com/2019/09/23/briefing/ukraine-united-nations-jonathan-van-ness.html
124,https://www.nytimes.com/2019/09/22/briefing/india-un-general-assembly-china.html
125,https://www.nytimes.com/2019/09/22/us/rohingya-refugees-us.html
126,https://www.nytimes.com/2019/09/18/briefing/israel-china-saudi-arabia.html
127,https://www.nytimes.com/2019/09/17/briefing/israel-iran-spain-elections.html
128,https://www.nytimes.com/2019/09/17/world/asia/myanmar-leader-war-crimes.html
129,https://www.nytimes.com/2019/09/17/movies/national-geographic-documentary-shorts-lost-and-found-the-nightcrawlers-review.html
130,https://www.nytimes.com/2019/09/06/briefing/vaping-moon-landing-us-open.html
131,https://www.nytimes.com/2019/09/05/briefing/brexit-bahamas-friends.html
132,https://www.nytimes.com/2019/09/05/briefing/brexit-hong-kong-friends.html
133,https://www.nytimes.com/2019/09/05/world/asia/rohingya-phone-ban.html
134,https://www.nytimes.com/2019/08/30/us/politics/world-bank-to-investigate-if-china-loan-funded-muslim-detention-camps.html
135,https://www.nytimes.com/2019/08/23/briefing/amazon-rainforest-overstock-taylor-swift.html
136,https://www.nytimes.com/2019/08/22/briefing/rohingya-italian-government-brazil-fires.html
137,https://www.nytimes.com/2019/08/22/briefing/nra-g7-sesame-street.html
138,https://www.nytimes.com/2019/08/22/briefing/pakistan-myanmar-hong-kong.html
139,https://www.nytimes.com/2019/08/22/world/asia/rohingya-myanmar-repatriation.html
140,https://www.nytimes.com/2019/08/16/world/asia/myanmar-army-elections.html
141,https://www.nytimes.com/2019/08/13/style/priyanka-chopra-beautycon-india-pakistan.html
142,https://www.nytimes.com/2019/08/08/us/politics/on-politics-iowa-state-fair.html
143,https://www.nytimes.com/2019/08/08/briefing/hong-kong-kashmir-iran.html
144,https://www.nytimes.com/2019/08/08/magazine/rohingya-genocide-teacher.html
145,https://www.nytimes.com/2019/08/05/world/asia/myanmar-military-business-united-nations.html
146,https://www.nytimes.com/2019/07/17/briefing/notre-dame-pakistan-heat-wave.html
147,https://www.nytimes.com/2019/07/17/world/asia/myanmar-generals-us-sanctions-rohingya.html
148,https://www.nytimes.com/2019/07/15/briefing/nepal-japan-alan-turing.html
149,https://www.nytimes.com/2019/07/15/world/asia/rains-nepal-india-flooding.html
150,https://www.nytimes.com/2019/07/14/world/asia/monsoon-floods-nepal-india.html
151,https://www.nytimes.com/2019/07/09/technology/twitter-ban-speech-dehumanizing.html
152,https://www.nytimes.com/2019/07/08/world/asia/buddhism-militant-rise.html
153,https://www.nytimes.com/2019/07/02/briefing/xinjiang-solar-eclipse-iran.html
154,https://www.nytimes.com/2019/07/02/world/asia/internet-shutdown-myanmar-rakhine.html
155,https://www.nytimes.com/2019/06/18/world/asia/myanmar-doctor-model.html
156,https://www.nytimes.com/2019/06/16/briefing/hong-kong-world-cup-argentina.html
157,https://www.nytimes.com/2019/06/15/books/review/larry-diamond-ill-winds.html
158,https://www.nytimes.com/2019/06/15/arts/11-of-our-best-weekend-reads.html
159,https://www.nytimes.com/2019/06/14/technology/facebook-hate-speech-rohingya-india.html
160,https://www.nytimes.com/2019/06/04/business/media/china-tiananmen-square-reuters-censored.html
161,https://www.nytimes.com/2019/05/30/nyregion/newyorktoday/nyc-news-murder-rate.html
162,https://www.nytimes.com/2019/05/29/world/asia/myanmar-wirathu-monk-buddhism.html
163,https://www.nytimes.com/2019/05/16/t-magazine/ethical-travel-reporting.html
164,https://www.nytimes.com/2019/05/16/opinion/propaganda-is-power.html
165,https://www.nytimes.com/2019/05/15/t-magazine/myanmar-travel-quandary-essay.html
166,https://www.nytimes.com/2019/05/11/world/asia/myanmar-democracy-general-shwe-mann.html
167,https://www.nytimes.com/2019/05/10/world/asia/myanmar-reuters-aung-san-suu-kyi.html
168,https://www.nytimes.com/2019/05/07/opinion/myanmar-reuters.html
169,https://www.nytimes.com/2019/05/07/briefing/president-trump-denver-met-gala.html
170,https://www.nytimes.com/2019/05/07/briefing/china-myanmar-met-gala.html
171,https://www.nytimes.com/2019/05/07/world/asia/myanmar-press-freedom.html
172,https://www.nytimes.com/video/world/asia/100000006497313/reuters-journalists-release-myanmar.html
173,https://www.nytimes.com/2019/05/07/briefing/william-barr-myanmar-met-gala.html
174,https://www.nytimes.com/2019/05/06/briefing/turkey-un-report-royal-baby.html
175,https://www.nytimes.com/2019/05/06/world/asia/myanmar-releases-jailed-reuters-journalists.html
176,https://www.nytimes.com/2019/05/06/briefing/kashmir-meghan-markle-climate-change.html
177,https://www.nytimes.com/video/opinion/100000006306143/un-human-rights-violations.html
178,https://www.nytimes.com/2019/05/02/world/asia/india-cyclone-fani.html
179,https://www.nytimes.com/2019/04/30/world/asia/sri-lanka-populism-ethnic-tensions.html
180,https://www.nytimes.com/2019/04/23/briefing/sri-lanka-japan-egypt.html
181,https://www.nytimes.com/2019/04/23/world/asia/reuters-journalists-myanmar-supreme-court.html
182,https://www.nytimes.com/2019/04/22/world/asia/sri-lanka-bombing-explosion.html
183,https://www.nytimes.com/2019/04/21/world/asia/sri-lanka-religion-christians.html
184,https://www.nytimes.com/2019/04/15/lens/pulitzers-photography-yemen-central-america.html
185,https://www.nytimes.com/2019/04/15/business/media/pulitzer-prize-winners.html
186,https://www.nytimes.com/2019/04/15/business/media/pulitzer-prizes.html
187,https://www.nytimes.com/2019/04/09/briefing/israel-china-barr.html
188,https://www.nytimes.com/2019/04/08/world/asia/china-muslims-camps.html
189,https://www.nytimes.com/2019/04/05/world/asia/un-myanmar-rakhine.html
190,https://www.nytimes.com/2019/03/30/us/politics/pompeo-christian-policy.html
191,https://www.nytimes.com/2019/03/29/obituaries/tejshree-thapa-dead.html
192,https://www.nytimes.com/2019/03/14/world/asia/facebook-myanmar.html
193,https://www.nytimes.com/2019/03/12/opinion/stop-funding-southeast-asias-brutal-drug-war.html
194,https://www.nytimes.com/2019/03/11/world/africa/crash-victims.html
195,https://www.nytimes.com/2019/03/03/briefing/kashmir-xinjiang-huawei.html
196,https://www.nytimes.com/2019/03/02/world/asia/myanmars-rakhine-buddhsts-rohingya.html
197,https://www.nytimes.com/2019/02/22/world/middleeast/isis-shamima-begum-citizenship-stateless.html
198,https://www.nytimes.com/2019/02/21/opinion/myanmar-constitution-amendment-military-aung-san-suu-kyi-burma.html
199,https://www.nytimes.com/2019/02/19/us/politics/george-polk-awards.html
200,https://www.nytimes.com/2019/02/13/world/asia/maria-ressa-arrested.html
201,https://www.nytimes.com/2019/02/12/world/asia/myanmar-drone-french-tourist.html
202,https://www.nytimes.com/2019/02/05/opinion/marie-colvin-syria-assad-court-judgment.html
203,https://www.nytimes.com/2019/02/04/world/asia/un-xinjiang-uighurs-china.html
204,https://www.nytimes.com/2019/01/14/opinion/bangkok-biennale.html
205,https://www.nytimes.com/2019/01/11/books/review/we-are-displaced-malala-yousafzai.html
206,https://www.nytimes.com/2019/01/11/world/asia/reuters-journalists-sentence-myanmar.html
207,https://www.nytimes.com/2019/01/08/world/asia/myanmar-insurgent-attack-rakhine-rohingya.html
208,https://www.nytimes.com/2019/01/05/opinion/sunday/2018-progress-poverty-health.html
209,https://www.nytimes.com/2019/01/03/movies/michelle-yeoh-crazy-rich-asians.html
210,https://www.nytimes.com/2019/01/03/movies/the-venerable-w-review.html
211,https://www.nytimes.com/2018/12/28/opinion/rohingya-bangladesh-abortion.html
212,https://www.nytimes.com/2018/12/19/opinion/worst-read-columns-2018.html
213,https://www.nytimes.com/2018/12/18/arts/design/steven-spielberg-shoah-foundation-schindlers-list.html
214,https://www.nytimes.com/interactive/2018/12/14/briefing/14weeklynewsquiz.html
215,https://www.nytimes.com/2018/12/13/arts/music/medine-france-rap.html
216,https://www.nytimes.com/2018/12/10/briefing/brexit-huawei-india.html
217,https://www.nytimes.com/2018/12/10/world/asia/twitter-jack-dorsey-myanmar-rohingya.html
218,https://www.nytimes.com/2018/12/05/briefing/facebook-yellow-vests-sri-lanka.html
219,https://www.nytimes.com/2018/12/05/world/lego-sesame-street-refugees.html
220,https://www.nytimes.com/2018/11/30/opinion/xi-trump-uighurs-human-rights.html
221,https://www.nytimes.com/2018/11/29/learning/lesson-plans/the-past-is-present-strategies-for-bringing-current-events-into-the-social-studies-classroom.html
222,https://www.nytimes.com/2018/11/28/opinion/letters/ethics-facebook.html
223,https://www.nytimes.com/2018/11/27/briefing/jack-ma-lion-air-gene-edited-babies.html
224,https://www.nytimes.com/2018/11/26/world/asia/myanmar-rohingya-military-museum.html
225,https://www.nytimes.com/2018/11/24/opinion/sunday/facebook-immoral.html
226,https://www.nytimes.com/2018/11/22/opinion/rohingya-myanmar-bangladesh-repatriation.html
227,https://www.nytimes.com/2018/11/18/briefing/china-brexit-india-elections.html
228,https://www.nytimes.com/2018/11/16/us/politics/mike-pence-trump-administration.html
229,https://www.nytimes.com/2018/11/16/opinion/facebook-mark-zuckerberg-sheryl-sandberg-silicon-valley-antitrust.html
230,https://www.nytimes.com/2018/11/14/briefing/brexit-facebook-michael-avenatti.html
231,https://www.nytimes.com/2018/11/14/briefing/brexit-myanmar-komodo-dragons.html
232,https://www.nytimes.com/2018/11/14/world/asia/rohingya-myanmar-repatriation.html
233,https://www.nytimes.com/2018/11/07/technology/personaltech/social-media-effect-myanmar-germany.html
234,https://www.nytimes.com/2018/11/07/briefing/elections-brexit-facebook.html
235,https://www.nytimes.com/2018/11/06/briefing/election-day-amazon-iraq-graves.html
236,https://www.nytimes.com/2018/11/06/briefing/elections-xi-jinping-facebook.html
237,https://www.nytimes.com/2018/11/06/technology/myanmar-facebook.html
238,https://www.nytimes.com/2018/11/04/opinion/rohingya-genocide-myanmar-repatriation-bangladesh.html
239,https://www.nytimes.com/2018/11/04/world/americas/foreign-leaders-echo-trump.html
240,https://www.nytimes.com/2018/11/02/world/europe/trump-asylum.html
241,https://www.nytimes.com/2018/10/30/nyregion/new-york-news-ullah-subway-bombing-trial.html
242,https://www.nytimes.com/2018/10/29/technology/hate-on-social-media.html
243,https://www.nytimes.com/2018/10/29/lens/elderly-ukraine-russia-conflict.html
244,https://www.nytimes.com/2018/10/26/reader-center/caravan-media-coverage.html
245,https://www.nytimes.com/2018/10/19/opinion/facebook-twitter-journalism-misinformation.html
246,https://www.nytimes.com/2018/10/19/technology/tech-executives-saudi-conference.html
247,https://www.nytimes.com/2018/10/18/arts/television/hasan-minhaj-netflix-patriot-act.html
248,https://www.nytimes.com/2018/10/16/business/dealbook/wall-street-trump-saudi-arabia.html
249,https://www.nytimes.com/2018/10/16/briefing/saudi-arabia-paul-allen-nba.html
250,https://www.nytimes.com/2018/10/16/world/asia/myanmar-fighter-jet-crash-student.html
251,https://www.nytimes.com/2018/10/16/briefing/saudi-arabia-brexit-meghan-markle.html
252,https://www.nytimes.com/2018/10/15/briefing/dna-trump-saudi.html
253,https://www.nytimes.com/2018/10/15/briefing/myanmar-china-royal-baby.html
254,https://www.nytimes.com/2018/10/15/technology/myanmar-facebook-genocide.html
255,https://www.nytimes.com/2018/10/09/opinion/donald-trump-international-relations-diplomacy.html
256,https://www.nytimes.com/2018/10/04/briefing/kavanaugh-china-the-nobel-peace-prize.html
257,https://www.nytimes.com/2018/10/03/briefing/fan-bingbing-australia-indonesia.html
258,https://www.nytimes.com/2018/10/03/world/asia/aung-san-suu-kyi-canada-citizenship.html
259,https://www.nytimes.com/2018/10/01/briefing/europe-monday-briefing.html
260,https://www.nytimes.com/2018/09/30/briefing/indonesia-brett-kavanaugh-elon-musk.html
261,https://www.nytimes.com/2018/09/29/world/asia/myanmar-aung-san-suu-kyi-rohingya.html
262,https://www.nytimes.com/2018/09/29/reader-center/audience-social-media.html
263,https://www.nytimes.com/2018/09/28/world/canada/canada-myanmar-rohingya.html
264,https://www.nytimes.com/2018/09/27/briefing/kavanaugh-hearings-un-elon-musk.html
265,https://www.nytimes.com/2018/09/27/briefing/brett-kavanaugh-india-the-philippines.html
266,https://www.nytimes.com/2018/09/27/world/asia/myanmar-un-human-rights.html
267,https://www.nytimes.com/2018/09/27/world/americas/united-nations-general-assembly-updates.html
268,https://www.nytimes.com/2018/09/25/world/americas/united-nations-general-assembly-live-updates.html
269,https://www.nytimes.com/2018/09/19/learning/come-together-a-thematic-collection-of-times-articles-essays-maps-and-more-about-creating-community.html
270,https://www.nytimes.com/2018/09/19/briefing/your-wednesday-news-briefing.html
271,https://www.nytimes.com/2018/09/18/briefing/asia-wednesday-news-briefing.html
272,https://www.nytimes.com/2018/09/18/world/asia/myanmar-united-nations-rohingya-genocide.html
273,https://www.nytimes.com/2018/09/16/opinion/16Adler.html
274,https://www.nytimes.com/2018/09/16/opinion/international-criminal-court-icc-bolton-us.html
275,https://www.nytimes.com/2018/09/13/briefing/asia-friday-news-briefing.html
276,https://www.nytimes.com/2018/09/13/world/asia/aung-san-suu-kyi-rohingya.html
277,https://www.nytimes.com/2018/09/11/travel/unearth-women-travel-magazine.html
278,https://www.nytimes.com/2018/09/10/world/asia/us-china-sanctions-muslim-camps.html
279,https://www.nytimes.com/2018/09/09/briefing/monday-news-briefing.html
280,https://www.nytimes.com/2018/09/06/world/asia/rohingya-myanmar-international-criminal-court.html
281,https://www.nytimes.com/2018/09/06/briefing/india-north-korea-trump.html
282,https://www.nytimes.com/2018/09/05/opinion/myanmar-reuters-reporters-jailed.html
283,https://www.nytimes.com/2018/09/05/briefing/pakistan-myanmar-russia.html
284,https://www.nytimes.com/2018/09/05/world/asia/pence-myanmar-reuters-reporters.html
285,https://www.nytimes.com/2018/09/04/briefing/brett-kavanaugh-jeff-sessions-colin-kaepernick.html
286,https://www.nytimes.com/2018/09/03/briefing/myanmar-richard-liu-pole-dance.html
287,https://www.nytimes.com/2018/09/03/world/asia/myanmar-reuters-journalists-sentenced-trial.html
288,https://www.nytimes.com/2018/09/02/opinion/rohingya-genocide-myanmar-united-nations.html
289,https://www.nytimes.com/2018/08/31/world/asia/myanmar-genocide-facebook-military.html
290,https://www.nytimes.com/2018/08/30/opinion/justice-in-myanmar.html
291,https://www.nytimes.com/2018/08/30/briefing/john-mccain-china-narendra-modi.html
292,https://www.nytimes.com/2018/08/29/briefing/china-north-korea-nafta.html
293,https://www.nytimes.com/2018/08/28/world/asia/un-rohingya-myanmar-blanchett.html
294,https://www.nytimes.com/2018/08/27/briefing/pope-francis-nafta-serena-williams.html
295,https://www.nytimes.com/2018/08/27/opinion/rohingya-myanmar-genocide-united-nations.html
296,https://www.nytimes.com/2018/08/27/briefing/myanmar-john-mccain-pope-francis.html
297,https://www.nytimes.com/2018/08/27/opinion/capturing-their-genocide-on-their-cellphones.html
298,https://www.nytimes.com/video/opinion/100000006035884/capturing-their-genocide-on-their-cellphones.html
299,https://www.nytimes.com/2018/08/27/briefing/john-mccain-myanmar-jacksonville.html
300,https://www.nytimes.com/2018/08/27/world/asia/myanmar-rohingya-genocide.html
301,https://www.nytimes.com/2018/08/26/briefing/john-mccain-pope-francis-myanmar.html
302,https://www.nytimes.com/2018/08/26/briefing/michael-cohen-pope-francis-hawaii.html
303,https://www.nytimes.com/2018/08/25/opinion/john-mccain-death.html
304,https://www.nytimes.com/2018/08/25/world/asia/rohingya-myanmar-ethnic-cleansing-anniversary.html
305,https://www.nytimes.com/2018/08/24/world/asia/rohingya-rakhine-myanmar-chut-pyin.html
306,https://www.nytimes.com/2018/08/21/briefing/north-korea-russia-eid-al-adha.html
307,https://www.nytimes.com/2018/08/21/opinion/refugee-camps-integration.html
308,https://www.nytimes.com/2018/08/20/learning/summer-2018-news-quiz.html
309,https://www.nytimes.com/2018/08/20/opinion/shahidul-alam-prison-bangladesh.html
310,https://www.nytimes.com/2018/08/18/opinion/sunday/trump-pence-religious-freedom-evangelicals.html
311,https://www.nytimes.com/2018/08/17/us/politics/the-biggest-stories-in-american-politics-this-week.html
312,https://www.nytimes.com/2018/08/17/us/politics/myanmar-sanctions-rohingya.html
313,https://www.nytimes.com/2018/08/17/technology/twitter-elon-musk-alex-jones-infowars.html
314,https://www.nytimes.com/2018/08/16/briefing/john-brennan-paul-manafort-crazy-rich-asians.html
315,https://www.nytimes.com/2018/08/14/briefing/trade-war-genoa-bridge-paul-manafort-.html
316,https://www.nytimes.com/2018/08/14/podcasts/the-daily/myanmar-rohingya-muslims-rakhine.html
317,https://www.nytimes.com/2018/08/10/opinion/india-citizenship-assam-modi-rohingyas.html
318,https://www.nytimes.com/2018/08/09/world/asia/-thai-cave-boys.html
319,https://www.nytimes.com/2018/08/08/world/americas/facebook-misinformation.html
320,https://www.nytimes.com/2018/08/05/briefing/north-korea-indonesia-venezuela.html
321,https://www.nytimes.com/2018/08/03/briefing/jobs-tariffs-syria.html
322,https://www.nytimes.com/2018/08/03/briefing/russia-apple-ernest-hemingway.html
323,https://www.nytimes.com/2018/08/03/briefing/pope-francis-trade-war-apple.html
324,https://www.nytimes.com/2018/08/02/world/asia/myanmar-rohingya-rakhine.html
325,https://www.nytimes.com/2018/07/30/world/asia/india-citizenship-assam-muslim.html
326,https://www.nytimes.com/2018/07/26/briefing/imran-khan-robert-mueller-beijing-blast.html
327,https://www.nytimes.com/2018/07/26/magazine/the-billionaire-yogi-behind-modis-rise.html
328,https://www.nytimes.com/2018/07/25/world/australia/from-manus-detention-to-manhattan-washington.html
329,https://www.nytimes.com/2018/07/24/learning/summer-reading-contest-winner-week-4-on-why-trying-to-be-less-awkward-never-works.html
330,https://www.nytimes.com/2018/07/19/briefing/trump-putin-facebook.html
331,https://www.nytimes.com/2018/07/19/briefing/putin-food-rohingya-your-friday-briefing.html
332,https://www.nytimes.com/2018/07/19/world/asia/myanmar-rohingya-genocide.html
333,https://www.nytimes.com/2018/07/18/technology/facebook-to-remove-misinformation-that-leads-to-violence.html
334,https://www.nytimes.com/2018/07/17/world/asia/myanmar-landslide-jade-mine.html
335,https://www.nytimes.com/2018/07/16/world/asia/myanmar-reuters-reporters.html
336,https://www.nytimes.com/interactive/2018/07/11/world/middleeast/raqqa-isis-home.html
337,https://www.nytimes.com/2018/07/09/world/asia/reuters-journalists-myanmar-trial.html
338,https://www.nytimes.com/2018/07/08/briefing/thai-rescue-mike-pompeo-trade-war.html
339,https://www.nytimes.com/2018/07/07/todayspaper/quotation-of-the-day-when-a-baby-is-a-daily-reminder-of-rohingya-horror.html
340,https://www.nytimes.com/2018/07/07/world/asia/myanmar-rohingya-rape-refugees-childbirth.html
341,https://www.nytimes.com/2018/07/05/briefing/trade-war-thailand-rescue-myanmar.html
342,https://www.nytimes.com/2018/07/04/world/asia/un-myanmar-rohingya-investigate.html
343,https://www.nytimes.com/2018/06/27/reader-center/international-dispatches-journals.html
344,https://www.nytimes.com/interactive/2018/06/27/world/americas/venezuela-money-how-to-survive.html
345,https://www.nytimes.com/2018/06/26/briefing/china-duterte-world-cup.html
346,https://www.nytimes.com/2018/06/19/world/five-conflicts-driving-refugees.html
347,https://www.nytimes.com/2018/06/13/opinion/ramadan-muslim-charity-poverty.html
348,https://www.nytimes.com/2018/06/11/world/asia/priyanka-chopra-quantico-apology.html
349,https://www.nytimes.com/2018/06/01/learning/teaching-activities-for-race-against-the-rains.html
350,https://www.nytimes.com/2018/05/31/briefing/tariffs-pardons-italy.html
351,https://www.nytimes.com/2018/05/31/briefing/north-korea-amazon-world-cup.html
352,https://www.nytimes.com/2018/05/31/world/asia/myanmar-rohingya-refugees-return.html
353,https://www.nytimes.com/2018/05/31/opinion/trump-immigration-refugees.html
354,https://www.nytimes.com/interactive/2018/05/30/world/asia/rohingya-monsoon-bangladesh.html
355,https://www.nytimes.com/2018/05/30/learning/lesson-plans/year-end-roundup-2017-18-all-our-lesson-plans-all-in-one-place.html
356,https://www.nytimes.com/2018/05/30/world/asia/rohingya-myanmar-icc-petition.html
357,https://www.nytimes.com/2018/05/30/world/asia/rohingya-refugee-myanmar-thailand.html
358,https://www.nytimes.com/2018/05/29/world/asia/state-department-religious-freedom-myanmar.html
359,https://www.nytimes.com/2018/05/22/briefing/north-korea-china-mark-zuckerberg.html
360,https://www.nytimes.com/2018/05/19/technology/facebook-deletion-center-germany.html
361,https://www.nytimes.com/2018/05/17/opinion/sweet-briar-meredith-woo-interview.html
362,https://www.nytimes.com/2018/05/16/opinion/ramadan-spirit-america.html
363,https://www.nytimes.com/2018/05/10/world/asia/malaysia-election-mahathir-mohamad.html
364,https://www.nytimes.com/2018/05/09/us/politics/trump-korea-nobel-peace-prize.html
365,https://www.nytimes.com/2018/05/08/opinion/democracy-authoritarian-constitutions.html
366,https://www.nytimes.com/2018/05/05/opinion/sunday/trump-obsession.html
367,https://www.nytimes.com/interactive/2018/05/03/world/middleeast/Chasing-the-Ghosts-of-Benghazi-libya-war-consulate.html
368,https://www.nytimes.com/2018/05/02/opinion/metoo-asifa-bano.html
369,https://www.nytimes.com/2018/05/02/world/asia/myanmar-journalists-police-captain.html
370,https://www.nytimes.com/2018/04/24/arts/peabody-awards-news.html
371,https://www.nytimes.com/2018/04/24/world/asia/india-child-rape.html
372,https://www.nytimes.com/2018/04/21/world/asia/facebook-sri-lanka-riots.html
373,https://www.nytimes.com/2018/04/20/us/politics/russia-china-human-rights.html
374,https://www.nytimes.com/2018/04/19/briefing/korea-volcano-cuba-your-friday-briefing.html
375,https://www.nytimes.com/2018/04/18/briefing/north-korea-raul-castro-taiwan-strait.html
376,https://www.nytimes.com/2018/04/18/world/asia/myanmar-amnesty-rohingya-massacre.html
377,https://www.nytimes.com/2018/04/17/opinion/international-world/india-child-rape-murder.html
378,https://www.nytimes.com/2018/04/16/lens/pulitzer-prize-photography-charlottesville.html
379,https://www.nytimes.com/2018/04/16/opinion/facebook-matters.html
380,https://www.nytimes.com/2018/04/16/business/media/pulitzer-prize-winners.html
381,https://www.nytimes.com/2018/04/15/briefing/james-comey-syria-north-korea.html
382,https://www.nytimes.com/2018/04/14/opinion/sunday/delete-facebook-parenting-special-needs.html
383,https://www.nytimes.com/2018/04/12/lens/world-press-photo-of-the-year-a-tale-told-twice.html
384,https://www.nytimes.com/2018/04/11/briefing/facebook-paul-ryan-bashar-al-assad.html
385,https://www.nytimes.com/2018/04/11/world/asia/myanmar-reuters-reporters-trial.html
386,https://www.nytimes.com/2018/04/10/briefing/mark-zuckerberg-syria-xi-jinping.html
387,https://www.nytimes.com/2018/04/10/world/asia/myanmar-reuters-journalists-massacre.html
388,https://www.nytimes.com/2018/04/09/business/facebook-myanmar-zuckerberg.html
389,https://www.nytimes.com/2018/04/05/technology/zuckerberg-facebook-myanmar.html
390,https://www.nytimes.com/2018/03/29/climate/united-nations-climate-change.html
391,https://www.nytimes.com/2018/03/28/briefing/china-kim-jong-un-easter.html
392,https://www.nytimes.com/2018/03/28/world/asia/myanmar-president-u-win-myint.html
393,https://www.nytimes.com/2018/03/26/books/review/semitism-jonathan-weisman.html
394,https://www.nytimes.com/2018/03/22/technology/kevins-week-in-tech-zuckerbergs-answers-to-privacy-scandal-raise-more-questions.html
395,https://www.nytimes.com/2018/03/19/briefing/austin-uber-facebook.html
396,https://www.nytimes.com/2018/03/19/world/australia/ethnic-cambodians-hun-sen.html
397,https://www.nytimes.com/2018/03/18/briefing/russia-north-korea-xi-jinping.html
398,https://www.nytimes.com/2018/03/17/world/asia/india-hitler-childrens-book.html
399,https://www.nytimes.com/2018/03/15/briefing/russia-mike-pompeo-champions-league.html
400,https://www.nytimes.com/2018/03/14/opinion/trump-dictators-human-rights.html
401,https://www.nytimes.com/2018/03/14/briefing/walkout-conor-lamb-russia.html
402,https://www.nytimes.com/2018/03/14/briefing/stephen-hawking-theresa-may-school-walkout.html
403,https://www.nytimes.com/2018/03/14/world/asia/un-myanmar-rohingya-genocide.html
404,https://www.nytimes.com/2018/03/14/climate/bangladesh-rohingya-refugee-camp.html
405,https://www.nytimes.com/2018/03/12/travel/most-dangerous-destinations.html
406,https://www.nytimes.com/2018/03/11/opinion/aung-san-suu-kyi-holocaust-myanmar.html
407,https://www.nytimes.com/2018/03/10/opinion/weekend-reads.html
408,https://www.nytimes.com/2018/03/09/opinion/myanmar-rohingya.html
409,https://www.nytimes.com/2018/03/08/technology/sri-lanka-facebook-shutdown.html
410,https://www.nytimes.com/2018/03/08/opinion/america-rohingya-myanmar.html
411,https://www.nytimes.com/2018/03/08/insider/burned-villages-democratic-republic-congo.html
412,https://www.nytimes.com/2018/03/07/briefing/gary-cohn-jeff-sessions-russia.html
413,https://www.nytimes.com/2018/03/07/briefing/trade-suu-kyi-international-womens-day.html
414,https://www.nytimes.com/2018/03/07/world/asia/aung-san-suu-kyi-holocaust-rohingya.html
415,https://www.nytimes.com/2018/03/06/briefing/north-korea-sergei-skripal-rohingya.html
416,https://www.nytimes.com/2018/03/05/opinion/buddhists-violence-tolerance.html
417,https://www.nytimes.com/2018/03/02/lens/winners-2018-pictures-of-the-year-international.html
418,https://www.nytimes.com/2018/03/02/opinion/i-saw-a-genocide-in-slow-motion.html
419,https://www.nytimes.com/2018/03/01/magazine/can-venezuela-be-saved.html
420,https://www.nytimes.com/2018/02/22/world/asia/elephant-tramples-rohingya-bangladesh.html
421,https://www.nytimes.com/2018/02/22/learning/making-connections-50-teenagers-suggest-creative-ways-to-link-classroom-curriculum-to-the-world-today.html
422,https://www.nytimes.com/2018/02/21/world/asia/-yoma-bank-bombing-in-lashio-myanmar-signals-strife-beyond-the-rohingya.html
423,https://www.nytimes.com/2018/02/20/us/politics/george-polk-journalism-awards-winners.html
424,https://www.nytimes.com/2018/02/15/briefing/florida-shooting-jacob-zuma-olympics.html
425,https://www.nytimes.com/2018/02/15/world/asia/rohingya-myanmar-bangladesh.html
426,https://www.nytimes.com/2018/02/15/opinion/venezuela-maduro-liberals.html
427,https://www.nytimes.com/2018/02/14/pageoneplus/corrections-february-15-2018.html
428,https://www.nytimes.com/2018/02/14/briefing/jacob-zuma-stormy-daniels-year-of-the-dog.html
429,https://www.nytimes.com/2018/02/14/lens/which-of-these-images-should-be-the-world-press-photo-of-the-year.html
430,https://www.nytimes.com/2018/02/13/world/asia/rohingya-monsoons-myanmar-bangladesh.html
431,https://www.nytimes.com/2018/02/11/obituaries/asma-jahangir-fearless-pakistani-rights-activist-dies-at-66.html
432,https://www.nytimes.com/2018/02/11/briefing/north-korea-moscow-rob-porter.html
433,https://www.nytimes.com/2018/02/10/world/asia/reuters-myanmar-massacre-rohingya.html
434,https://www.nytimes.com/2018/02/05/briefing/super-bowl-samsung-maldives.html
435,https://www.nytimes.com/2018/02/02/briefing/devin-nunes-rohingya-super-bowl.html
436,https://www.nytimes.com/2018/02/02/briefing/syria-poland-lactalis.html
437,https://www.nytimes.com/2018/02/01/learning/10-things-we-learned-about-teenagers-and-the-news-the-results-of-our-student-news-diet-challenge.html
438,https://www.nytimes.com/2018/02/01/briefing/white-house-syria-myanmar.html
439,https://www.nytimes.com/2018/02/01/briefing/north-korea-republican-party-facebook.html
440,https://www.nytimes.com/2018/02/01/world/asia/rohingya-myanmar-camps.html
441,https://www.nytimes.com/2018/01/27/world/asia/myanmar-military-ethnic-cleansing.html
442,https://www.nytimes.com/2018/01/25/briefing/davos-doomsday-clock-north-korea.html
443,https://www.nytimes.com/2018/01/24/world/asia/bill-richardson-myanmar-rohingya.html
444,https://www.nytimes.com/2018/01/24/briefing/afghanistan-davos-larry-nassar-.html
445,https://www.nytimes.com/2018/01/22/reader-center/ag-sulzberger-publisher-reader-questions.html
446,https://www.nytimes.com/2018/01/19/world/africa/sudan-journalists-arrests.html
447,https://www.nytimes.com/2018/01/17/world/asia/myanmar-rakhine-violence.html
448,https://www.nytimes.com/2018/01/17/briefing/winter-olympics-california-cia.html
449,https://www.nytimes.com/2018/01/16/briefing/bannon-california-netanyahu.html
450,https://www.nytimes.com/2018/01/10/pageoneplus/corrections-january-11-2018.html
451,https://www.nytimes.com/2018/01/10/briefing/7-eleven-california-tonya-harding.html
452,https://www.nytimes.com/2018/01/10/briefing/north-korea-california-kodak.html
453,https://www.nytimes.com/2018/01/10/world/asia/myanmar-reuters-reporters.html
454,https://www.nytimes.com/2018/01/07/briefing/north-korea-jerusalem-golden-globes.html
455,https://www.nytimes.com/2018/01/07/world/asia/myanmar-rohingya-militants.html
456,https://www.nytimes.com/2018/01/05/opinion/sunday/united-arab-emirates-comorans-citizenship.html
457,https://www.nytimes.com/2018/01/02/briefing/kim-jong-un-pakistan-iran.html
458,https://www.nytimes.com/2017/12/31/world/asia/rohingya-children-myanmar.html
459,https://www.nytimes.com/2017/12/29/world/20-great-reads-you-probably-missed-in-2017.html
460,https://www.nytimes.com/2017/12/29/insider/a-desperate-trek-toward-misery-and-resignation-capturing-the-plight-of-the-rohingya.html
461,https://www.nytimes.com/2017/12/28/world/unicef-children-war.html
462,https://www.nytimes.com/2017/12/27/briefing/barack-obama-north-korea-big-tech.html
463,https://www.nytimes.com/interactive/2017/12/21/us/2017-year-in-graphics.html
464,https://www.nytimes.com/2017/12/27/briefing/health-care-rohingya-johnny-bower.html
465,https://www.nytimes.com/2017/12/27/world/asia/myanmar-reuters-journalists.html
466,https://www.nytimes.com/2017/12/25/briefing/pope-francis-north-korea-jerusalem.html
467,https://www.nytimes.com/2017/12/25/world/europe/pope-francis-christmas-message.html
468,https://www.nytimes.com/2017/12/24/world/europe/pope-francis-christmas-eve-mass-refugees.html
469,https://www.nytimes.com/2017/12/23/world/asia/rohingya-women-abuse-myanmar.html
470,https://www.nytimes.com/2017/12/23/opinion/free-detained-journalists-in-myanmar.html
471,https://www.nytimes.com/2017/12/22/briefing/trump-north-korea-star-wars.html
472,https://www.nytimes.com/2017/12/22/insider/rohingya-family-hope.html
473,https://www.nytimes.com/video/world/asia/100000005564933/rohingya-family-in-exile.html
474,https://www.nytimes.com/interactive/2017/12/21/world/asia/how-the-rohingya-escaped.html
475,https://www.nytimes.com/2017/12/21/world/global-magnitsky-act-sanctions.html
476,https://www.nytimes.com/2017/12/21/briefing/jerusalem-south-korea-melbourne.html
477,https://www.nytimes.com/2017/12/20/briefing/republican-party-jerusalem-uber.html
478,https://www.nytimes.com/2017/12/20/briefing/republican-party-european-union-solstice.html
479,https://www.nytimes.com/2017/12/19/briefing/republican-party-amtrak-yemen.html
480,https://www.nytimes.com/2017/12/19/briefing/north-korea-yemen-derailment.html
481,https://www.nytimes.com/interactive/2017/12/19/sunday-review/2017-year-in-pictures.html
482,https://www.nytimes.com/2017/12/19/world/asia/myanmar-reuters-grave.html
483,https://www.nytimes.com/interactive/2017/12/19/world/year-from-above.html
484,https://www.nytimes.com/2017/12/18/world/asia/bangladesh-akayed-ullah-subway-bomber.html
485,https://www.nytimes.com/2017/12/18/opinion/bosnia-myanmar-rohingya-rape.html
486,https://www.nytimes.com/2017/12/15/opinion/sunday/genocide-myanmar-rohingya-bangladesh.html
487,https://www.nytimes.com/2017/12/15/opinion/trump-myanmar-pax-technica.html
488,https://www.nytimes.com/2017/12/14/opinion/myanmar-rohingya-ethnic-cleansing.html
489,https://www.nytimes.com/2017/12/14/briefing/disney-korea-theresa-may.html
490,https://www.nytimes.com/2017/12/14/world/asia/myanmar-rohingya-deaths.html
491,https://www.nytimes.com/video/world/europe/100000005600718/meet-the-strongmen-blaming-fake-news.html
492,https://www.nytimes.com/2017/12/13/world/asia/myanmar-rohingya-bangladesh-refugees.html
493,https://www.nytimes.com/2017/12/13/learning/special-news-quiz-2017-in-review.html
494,https://www.nytimes.com/2017/12/13/world/asia/myanmar-rakhine-reporters.html
495,https://www.nytimes.com/2017/12/12/world/europe/trump-fake-news-dictators.html
496,https://www.nytimes.com/2017/12/12/world/australia/australia-manus-refugees-resettlement-us.html
497,https://www.nytimes.com/2017/12/06/opinion/rohingya-myanmar-bangladesh.html
498,https://www.nytimes.com/2017/12/05/world/asia/myanmar-rohingya-genocide-un.html
499,https://www.nytimes.com/2017/12/05/briefing/jerusalem-winter-olympics-yemen.html
500,https://www.nytimes.com/interactive/2017/12/05/learning/05Learning-Network-News-Quiz-Trump-Tweets-Congress-Bill-Pope-Speech.html
501,https://www.nytimes.com/2017/12/05/opinion/china-rohingya-crisis.html
502,https://www.nytimes.com/2017/12/04/obituaries/surin-pitsuwan-envoy-and-voice-of-southeast-asia-dies-at-68.html
503,https://www.nytimes.com/2017/12/03/briefing/michael-flynn-north-korea-rohingya.html
504,https://www.nytimes.com/2017/12/02/world/asia/pope-francis-myanmar-rohingya.html
505,https://www.nytimes.com/2017/12/02/opinion/sunday/kristof-annual-gift-guide.html
506,https://www.nytimes.com/2017/12/02/world/asia/myanmar-rohingya-denial-history.html
507,https://www.nytimes.com/2017/12/01/briefing/michael-flynn-republicans-rex-tillerson.html
508,https://www.nytimes.com/2017/12/01/world/asia/pope-francis-rohingya.html
509,https://www.nytimes.com/2017/12/01/opinion/myanmar-rakhine-state-rohingya.html
510,https://www.nytimes.com/2017/12/01/books/review/annie-leibovitz-portraits-2005-2016.html
511,https://www.nytimes.com/2017/11/30/briefing/rex-tillerson-pope-francis-north-korea.html
512,https://www.nytimes.com/2017/11/30/world/asia/pope-francis-bangladesh-rohingya.html
513,https://www.nytimes.com/2017/11/30/world/asia/china-myanmar-aid-sanctions.html
514,https://www.nytimes.com/2017/11/29/briefing/north-korea-pope-francis-the-hague.html
515,https://www.nytimes.com/2017/11/29/world/asia/pope-francis-myanmar-rohingya.html
516,https://www.nytimes.com/2017/11/29/opinion/myanmar-aung-san-suu-kyi.html
517,https://www.nytimes.com/2017/11/29/briefing/ireland-north-korea-myanmar.html
518,https://www.nytimes.com/2017/11/28/briefing/senate-north-korea-uber.html
519,https://www.nytimes.com/2017/11/28/briefing/north-korea-rohingya-prince-harry.html
520,https://www.nytimes.com/2017/11/28/opinion/myanmar.html
521,https://www.nytimes.com/2017/11/28/world/asia/pope-francis-myanmar-rohingya.html
522,https://www.nytimes.com/2017/11/28/briefing/republican-party-donald-trump-prince-harry.html
523,https://www.nytimes.com/2017/11/28/briefing/meghan-markle-glyphosate-bali.html
524,https://www.nytimes.com/2017/11/27/briefing/mick-mulvaney-elizabeth-warren-meghan-markle.html
525,https://www.nytimes.com/2017/11/27/briefing/prince-harry-bali-myanmar.html
526,https://www.nytimes.com/2017/11/27/world/asia/pope-francis-myanmar-aung-san-suu-kyi.html
527,https://www.nytimes.com/2017/11/27/briefing/pope-francis-meghan-markle-bali.html
528,https://www.nytimes.com/2017/11/27/briefing/yemen-germany-ireland.html
529,https://www.nytimes.com/2017/11/26/briefing/pope-francis-sinai-attack-pakistan.html
530,https://www.nytimes.com/2017/11/26/world/asia/myanmar-rohingya-min-aung-hlaing.html
531,https://www.nytimes.com/2017/11/26/world/asia/pope-francis-myanmar-rohingya.html
532,https://www.nytimes.com/2017/11/26/briefing/egypt-roy-moore-donald-trump.html
533,https://www.nytimes.com/2017/11/25/opinion/sunday/myanmar-aung-san-suu-kyi-rohingya.html
534,https://www.nytimes.com/2017/11/24/briefing/michael-flynn-argentina-myanmar.html
535,https://www.nytimes.com/2017/11/23/briefing/manus-island-rohingya-argentina.html
536,https://www.nytimes.com/2017/11/23/world/asia/deal-on-rohingyas-myanmar-bangladesh.html
537,https://www.nytimes.com/2017/11/23/briefing/ratko-mladic-zimbabwe-manus-island.html
538,https://www.nytimes.com/2017/11/22/world/australia/manus-island-thanksgiving-australia-letter.html
539,https://www.nytimes.com/2017/11/22/us/politics/tillerson-myanmar-rohingya-ethnic-cleansing.html
540,https://www.nytimes.com/2017/11/22/briefing/north-korea-zimbabwe-ratko-mladic.html
541,https://www.nytimes.com/2017/11/21/briefing/robert-mugabe-north-korea-mount-agung.html
542,https://www.nytimes.com/2017/11/20/briefing/north-korea-angela-merkel-robert-mugabe.html
543,https://www.nytimes.com/2017/11/19/briefing/manus-island-toshiba-zimbabwe.html
544,https://www.nytimes.com/2017/11/18/nyregion/he-fled-myanmar-on-a-deathtrap-now-hes-the-luckiest-man-alive.html
545,https://www.nytimes.com/2017/11/16/briefing/robert-mugabe-myanmar-da-vinci.html
546,https://www.nytimes.com/2017/11/16/world/asia/myanmar-rohingya-rapes.html
547,https://www.nytimes.com/2017/11/15/briefing/rohingya-zimbabwe-same-sex-marriage.html
548,https://www.nytimes.com/2017/11/15/world/asia/rex-tillerson-myanmar-aung-san-suu-kyi.html
549,https://www.nytimes.com/2017/11/14/briefing/myanmar-jeff-sessions-iran.html
550,https://www.nytimes.com/2017/11/13/briefing/iran-italy-roy-moore.html
551,https://www.nytimes.com/2017/11/13/briefing/rodrigo-duterte-iran-rohingya.html
552,https://www.nytimes.com/2017/11/13/world/asia/myanmar-rohingya-intervention.html
553,https://www.nytimes.com/2017/11/12/briefing/north-korea-saudi-arabia-manila.html
554,https://www.nytimes.com/2017/11/09/arts/music/maher-zain-tour.html
555,https://www.nytimes.com/2017/11/03/insider/what-were-reading.html
556,https://www.nytimes.com/2017/11/03/opinion/aung-san-suu-kyi-myanmar-rohingya.html
557,https://www.nytimes.com/2017/11/03/briefing/donald-trump-thor-ragnarok-daylight-saving-time.html
558,https://www.nytimes.com/2017/11/03/world/asia/rohingya-myanmar-bangladesh-stateless.html
559,https://www.nytimes.com/2017/11/02/briefing/republican-party-jerome-powell-houston-astros.html
560,https://www.nytimes.com/2017/11/02/briefing/republican-party-donald-trump-tax-reform.html
561,https://www.nytimes.com/2017/11/02/world/asia/myanmar-suu-kyi-rohingya.html
562,https://www.nytimes.com/2017/11/01/world/australia/refugees-manus-detention.html
563,https://www.nytimes.com/2017/11/01/us/politics/russia-technology-facebook.html
564,https://www.nytimes.com/2017/10/31/briefing/facebook-paul-manafort-manus-island.html
565,https://www.nytimes.com/2017/10/31/world/asia/aung-san-suu-kyi-myanmar.html
566,https://www.nytimes.com/2017/10/31/opinion/unesco-united-states.html
567,https://www.nytimes.com/2017/10/31/world/australia/manus-island-refugees.html
568,https://www.nytimes.com/2017/10/29/briefing/russia-investigation-north-korea-catalonia.html
569,https://www.nytimes.com/2017/10/29/business/facebook-misinformation-abroad.html
570,https://www.nytimes.com/2017/10/29/us/burmese-refugees-sushi.html
571,https://www.nytimes.com/2017/10/28/insider/im-icing-my-knee-and-im-hard-boiling-some-eggs.html
572,https://www.nytimes.com/2017/10/27/technology/facebook-fake-content-employees.html
573,https://www.nytimes.com/2017/10/27/world/asia/myanmar-government-facebook-rohingya.html
574,https://www.nytimes.com/2017/10/26/world/asia/myanmar-rohingya-aung-san-suu-kyi.html
575,https://www.nytimes.com/2017/10/25/opinion/pressuring-myanmar-military-rohingya.html
576,https://www.nytimes.com/2017/10/25/learning/lesson-plans/teaching-about-the-rohingya-crisis-in-myanmar-with-the-new-york-times.html
577,https://www.nytimes.com/2017/10/24/briefing/jeff-flake-puerto-rico-world-series.html
578,https://www.nytimes.com/2017/10/24/briefing/rex-tillerson-xi-jinping-rohingya.html
579,https://www.nytimes.com/2017/10/24/world/asia/myanmar-rohingya-ethnic-cleansing.html
580,https://www.nytimes.com/2017/10/23/world/asia/rohingya-bangladesh-myanmar.html
581,https://www.nytimes.com/2017/10/23/briefing/rohingya-marawi-xi-jinping.html
582,https://www.nytimes.com/2017/10/20/business/soros-charity-zuckerberg-gates.html
583,https://www.nytimes.com/2017/10/19/briefing/xi-jinping-catalonia-north-korea.html
584,https://www.nytimes.com/2017/10/19/world/asia/myanmar-democracy-rohingya.html
585,https://www.nytimes.com/2017/10/19/insider/my-interview-with-a-rohingya-refugee-what-do-you-say-to-a-woman-whose-baby-was-thrown-into-a-fire.html
586,https://www.nytimes.com/2017/10/18/us/politics/tillerson-india-china-pakistan.html
587,https://www.nytimes.com/2017/10/18/briefing/xi-jinping-rohingya-islamic-state.html
588,https://www.nytimes.com/2017/10/18/technology/personaltech/virtual-reality-video.html
589,https://www.nytimes.com/2017/10/18/world/asia/rohingya-refugees-myanmar.html
590,https://www.nytimes.com/2017/10/18/magazine/how-the-appetite-for-emojis-complicates-the-effort-to-standardize-the-worlds-alphabets.html
591,https://www.nytimes.com/2017/10/17/briefing/raqqa-kirkuk-marawi.html
592,https://www.nytimes.com/2017/10/15/briefing/california-harvey-weinstein-donald-trump.html
593,https://www.nytimes.com/2017/10/14/world/asia/elephant-trampling-rohingya-refugees-bangladesh-killing-4.html
594,https://www.nytimes.com/2017/10/14/opinion/the-rohingya-who-made-it-to-chicago.html
595,https://www.nytimes.com/2017/10/13/podcasts/the-daily/john-kelly-rohingya-myanmar.html
596,https://www.nytimes.com/2017/10/12/world/asia/myanmar-diplomacy-ethnic-cleansing.html
597,https://www.nytimes.com/2017/10/12/briefing/rohingya-unesco-hamas.html
598,https://www.nytimes.com/2017/10/12/world/asia/india-buddhist-muslim-marriage.html
599,https://www.nytimes.com/2017/10/12/briefing/donald-trump-harvey-weinstein-new-york-yankees.html
600,https://www.nytimes.com/2017/10/12/briefing/spain-catalonia-weinstein-trump.html
601,https://www.nytimes.com/2017/10/11/world/australia/letter29-aussie-rules-readers-respond.html
602,https://www.nytimes.com/2017/10/11/briefing/california-harvey-weinstein-boy-scouts.html
603,https://www.nytimes.com/2017/10/11/briefing/harvey-weinstein-north-korea-kobe-steel.html
604,https://www.nytimes.com/2017/10/11/world/asia/rohingya-refugee-crisis.html
605,https://www.nytimes.com/2017/10/11/world/asia/rohingya-myanmar-atrocities.html
606,https://www.nytimes.com/2017/10/11/books/review/ordinary-virtues-michael-ignatieff.html
607,https://www.nytimes.com/2017/10/10/world/asia/un-myanmar-rohingya.html
608,https://www.nytimes.com/2017/10/09/briefing/kim-jong-un-catalonia-turkey.html
609,https://www.nytimes.com/2017/10/06/opinion/rohingya-bangladesh-myanmar.html
610,https://www.nytimes.com/2017/10/04/briefing/las-vegas-tillerson-puerto-rico.html
611,https://www.nytimes.com/2017/10/03/briefing/las-vegas-catalonia-puerto-rico.html
612,https://www.nytimes.com/2017/10/02/briefing/las-vegas-catalonia-north-korea.html
613,https://www.nytimes.com/2017/10/02/opinion/sanctions-myanmar.html
614,https://www.nytimes.com/2017/10/01/briefing/catalonia-north-korea-puerto-rico.html
615,https://www.nytimes.com/2017/10/01/briefing/puerto-rico-tom-price-catalonia.html
616,https://www.nytimes.com/2017/09/29/briefing/tom-price-rohingya-people-elon-musk.html
617,https://www.nytimes.com/2017/09/29/opinion/violence-myanmar-minority.html
618,https://www.nytimes.com/2017/09/29/world/asia/rohingya-refugees-myanmar-bangladesh.html
619,https://www.nytimes.com/2017/09/29/world/asia/rohingya-aid-myanmar-bangladesh.html
620,https://www.nytimes.com/2017/09/28/world/asia/myanmar-un-rohingya-drown.html
621,https://www.nytimes.com/2017/09/27/briefing/north-korea-kurds-bombardier.html
622,https://www.nytimes.com/2017/09/26/briefing/north-korea-puerto-rico-iraqi-kurdistan.html
623,https://www.nytimes.com/2017/09/26/insider/what-were-reading.html
624,https://www.nytimes.com/2017/09/25/briefing/north-korea-japan-myanmar.html
625,https://www.nytimes.com/2017/09/25/briefing/nfl-angela-merkel-iraqi-kurdistan.html
626,https://www.nytimes.com/2017/09/25/briefing/angela-merkel-nfl-catalonia.html
627,https://www.nytimes.com/2017/09/24/briefing/kim-jung-on-angela-merkel-nfl.html
628,https://www.nytimes.com/video/world/asia/100000005453328/inside-a-refugee-camp-born-of-massacre.html
629,https://www.nytimes.com/2017/09/23/opinion/sunday/facebook-zuckerberg-dowd.html
630,https://www.nytimes.com/2017/09/21/technology/facebook-frankenstein-sandberg-ads.html
631,https://www.nytimes.com/2017/09/21/briefing/north-korea-puerto-rico-iran.html
632,https://www.nytimes.com/2017/09/21/opinion/myanmar-rohingya-aung-san-suu-kyi.html
633,https://www.nytimes.com/2017/09/21/opinion/united-nations-general-assembly.html
634,https://www.nytimes.com/2017/09/20/world/united-nations-general-assembly.html
635,https://www.nytimes.com/2017/09/19/briefing/trump-hurricane-maria-mexico.html
636,https://www.nytimes.com/2017/09/19/briefing/united-nations-hurricane-maria-rohingya.html
637,https://www.nytimes.com/interactive/2017/09/19/learning/19NQLN.html
638,https://www.nytimes.com/2017/09/19/nyregion/new-york-today-hurricane-jose-approaches.html
639,https://www.nytimes.com/2017/09/19/briefing/donald-trump-hurricane-maria-sean-spicer.html
640,https://www.nytimes.com/2017/09/19/world/americas/united-nations-general-assembly.html
641,https://www.nytimes.com/2017/09/19/learning/teaching-activities-for-at-risk-in-rohingya-exodus-230000-children-hundreds-all-alone.html
642,https://www.nytimes.com/2017/09/19/briefing/un-hurricane-maria-martin-schulz.html
643,https://www.nytimes.com/2017/09/18/world/asia/aung-san-suu-kyi-speech-rohingya.html
644,https://www.nytimes.com/interactive/2017/09/18/world/asia/rohingya-villages.html
645,https://www.nytimes.com/2017/09/18/briefing/north-korea-rohingya-hurricane-maria.html
646,https://www.nytimes.com/2017/09/18/world/asia/myanmar-rohingya-ethnic-cleansing.html
647,https://www.nytimes.com/2017/09/18/world/asia/myanmar-rohingya-sanctions.html
648,https://www.nytimes.com/2017/09/18/briefing/hurricane-maria-rohingya-emmy-awards.html
649,https://www.nytimes.com/2017/09/18/opinion/rohingya-myanmar-military-sanctions.html
650,https://www.nytimes.com/2017/09/18/briefing/united-nations-facebook-hamas.html
651,https://www.nytimes.com/2017/09/17/world/americas/united-nations-un-explainer.html
652,https://www.nytimes.com/2017/09/17/world/americas/united-nations-general-assembly-issues.html
653,https://www.nytimes.com/2017/09/17/briefing/london-north-korea-rohingya.html
654,https://www.nytimes.com/2017/09/17/world/asia/myanmar-rohingya-militants.html
655,https://www.nytimes.com/2017/09/17/insider/covering-rohingya-refugees-myanmar.html
656,https://www.nytimes.com/2017/09/17/briefing/emmy-awards-london-hurricane-jose.html
657,https://www.nytimes.com/2017/09/16/world/asia/rohingya-bangladesh-refugee-camp.html
658,https://www.nytimes.com/2017/09/15/briefing/london-japan-cassini.html
659,https://www.nytimes.com/2017/09/15/world/asia/myanmar-rohingya-children.html
660,https://www.nytimes.com/2017/09/14/world/australia/its-not-about-same-sex-marriage-its-about-gender.html
661,https://www.nytimes.com/2017/09/14/opinion/welcoming-refugees-trump-america.html
662,https://www.nytimes.com/2017/09/14/learning/what-did-you-read-watch-or-listen-to-in-the-times-this-week.html
663,https://www.nytimes.com/2017/09/14/opinion/myanmar-rohingya-ethnic-cleansing.html
664,https://www.nytimes.com/2017/09/14/podcasts/the-daily/rohingya-muslims-myanmar.html
665,https://www.nytimes.com/2017/09/14/briefing/donald-trump-florida-martin-shkreli.html
666,https://www.nytimes.com/2017/09/14/briefing/jean-claude-juncker-rohingya-russia.html
667,https://www.nytimes.com/2017/09/13/briefing/florida-bernie-sanders-aung-san-suu-kyi.html
668,https://www.nytimes.com/2017/09/13/briefing/north-korea-rohingya-united-nations.html
669,https://www.nytimes.com/2017/09/13/world/asia/myanmar-rohingya-muslim.html
670,https://www.nytimes.com/2017/09/13/world/asia/myanmar-united-nations-aung-san-suu-kyi-rohingya.html
671,https://www.nytimes.com/2017/09/13/briefing/irma-supreme-court-apple.html
672,https://www.nytimes.com/2017/09/13/briefing/florida-rohingya-emmanuel-macron.html
673,https://www.nytimes.com/2017/09/12/world/asia/trump-najib-razak-malaysia-white-house.html
674,https://www.nytimes.com/2017/09/12/todayspaper/quotation-of-the-day-far-from-myanmars-strife-pakistans-rohingya-suffer.html
675,https://www.nytimes.com/2017/09/12/briefing/apple-north-korea-florida.html
676,https://www.nytimes.com/interactive/2017/09/12/learning/12NQLN2.html
677,https://www.nytimes.com/2017/09/12/briefing/florida-iphone-hillary-clinton.html
678,https://www.nytimes.com/2017/09/12/world/asia/rohingya-pakistan-myanmar-violence.html
679,https://www.nytimes.com/2017/09/12/briefing/florida-rohingya-north-korea-.html
680,https://www.nytimes.com/2017/09/11/briefing/florida-myanmar-pope-francis.html
681,https://www.nytimes.com/2017/09/11/briefing/rohingya-irma-north-korea.html
682,https://www.nytimes.com/2017/09/11/world/asia/myanmar-rohingya-ethnic-cleansing.html
683,https://www.nytimes.com/2017/09/10/opinion/contributors/heng-on-daw-aung-san-suu-kyi-and-the-rohingya.html
684,https://www.nytimes.com/2017/09/10/briefing/hurricane-irma-apple-myanmar.html
685,https://www.nytimes.com/2017/09/10/briefing/hurricane-irma-mexico-city-rohingya.html
686,https://www.nytimes.com/interactive/2017/09/09/opinion/kristof-nobel-prize-aung-san-suu-kyi-shame.html
687,https://www.nytimes.com/video/world/asia/100000005386512/bleak-refuge-for-rohyinga-refugees-bangladesh-camps-myanmar.html
688,https://www.nytimes.com/2017/09/08/world/asia/afghanistan-leaflets-islam-american-military.html
689,https://www.nytimes.com/2017/09/08/world/asia/myanmar-rohingya-refugees-270000.html
690,https://www.nytimes.com/2017/09/07/opinion/strip-aung-san-suu-kyi-of-her-nobel-prize.html
691,https://www.nytimes.com/2017/09/06/briefing/hurricane-irma-daca-it.html
692,https://www.nytimes.com/2017/09/06/briefing/myanmar-florida-vladimir-putin.html
693,https://www.nytimes.com/2017/09/06/world/americas/bangladesh-rohingya-land-mines.html
694,https://www.nytimes.com/2017/09/05/briefing/daca-north-korea-rohingya.html
695,https://www.nytimes.com/2017/09/05/briefing/north-korea-myanmar-vladimir-putin.html
696,https://www.nytimes.com/2017/09/05/opinion/myanmar-rohingya-abuse.html
697,https://www.nytimes.com/2017/09/05/world/asia/un-rohingya-bangladesh-myanmar.html
698,https://www.nytimes.com/2017/09/05/briefing/north-korea-dreamers-rohingya.html
699,https://www.nytimes.com/2017/09/05/briefing/north-korea-rohingya-angela-merkel.html
700,https://www.nytimes.com/2017/09/04/briefing/north-korea-rohingya-narendra-modi.html
701,https://www.nytimes.com/2017/09/04/world/asia/muslims-rohingya-daw-aung-san-suu-kyi-malala-myanmar.html
702,https://www.nytimes.com/2017/09/04/world/asia/myanmar-rohingya-suu-kyi-.html
703,https://www.nytimes.com/2017/09/04/briefing/north-korea-merkel-schulz-us-open.html
704,https://www.nytimes.com/2017/09/03/briefing/north-korea-myanmar-marawi-princess-mako.html
705,https://www.nytimes.com/interactive/2017/09/03/world/04globalnews-quiz.html
706,https://www.nytimes.com/2017/09/02/world/asia/rohingya-myanmar-bangladesh-refugees-massacre.html
707,https://www.nytimes.com/video/international-home/100000005404848/endless-stream-of-rohingya-flee-military-offensive.html
708,https://www.nytimes.com/2017/09/01/briefing/texas-russia-uhuru-kenyatta.html
709,https://www.nytimes.com/2017/09/01/world/asia/myanmar-peace-negotiator-min-zaw-oo.html
710,https://www.nytimes.com/2017/09/01/world/asia/myanmar-rohingya-refugees-boat-sinks.html
711,https://www.nytimes.com/2017/08/31/pageoneplus/corrections-september-1-2017.html
712,https://www.nytimes.com/2017/08/30/briefing/houston-tax-overhaul-syria.html
713,https://www.nytimes.com/2017/08/30/briefing/rohingya-houston-north-korea.html
714,https://www.nytimes.com/2017/08/30/world/asia/myanmar-rohingya-flee-bangladesh.html
715,https://www.nytimes.com/2017/08/29/world/asia/rohingya-myanmar-fighting-un-daw-aung-san-suu-kyi-bangladesh.html
716,https://www.nytimes.com/2017/08/29/briefing/north-korea-texas-afghanistan.html
717,https://www.nytimes.com/2017/08/27/world/asia/myanmar-rohingya-bangladesh.html
718,https://www.nytimes.com/2017/08/27/briefing/texas-tillerson-dera-sacha-sauda.html
719,https://www.nytimes.com/2017/08/25/world/asia/myanmar-rakhine-killed-kofi-annan.html
720,https://www.nytimes.com/2017/08/22/world/asia/pope-myanmar-bangladesh-visit-buddhist-rohingya.html
721,https://www.nytimes.com/2017/08/15/briefing/north-korea-iran-sierra-leone.html
722,https://www.nytimes.com/2017/08/10/opinion/hope-dims-in-myanmar-with-press-at-risk.html
723,https://www.nytimes.com/2017/08/04/learning/summer-reading-contest-week-8-what-interested-you-most-in-the-times-this-week.html
724,https://www.nytimes.com/2017/07/30/briefing/russia-nawaz-sharif-north-korea.html
725,https://www.nytimes.com/2017/07/30/world/asia/rohingya-coxs-bazar-bangladesh-myanmar.html
726,https://www.nytimes.com/2017/07/19/briefing/australia-apple-minnesota.html
727,https://www.nytimes.com/2017/07/19/world/asia/myanmar-china-us-diplomacy-trump.html
728,https://www.nytimes.com/2017/07/19/world/asia/thailand-human-trafficking-case.html
729,https://www.nytimes.com/2017/07/14/insider/what-were-reading.html
730,https://www.nytimes.com/2017/06/30/world/asia/myanmar-united-nations-rohingya.html
731,https://www.nytimes.com/2017/06/30/world/asia/myanmar-arrests-reporters.html
732,https://www.nytimes.com/2017/05/30/briefing/jared-kushner-russia-white-house.html
733,https://www.nytimes.com/2017/05/30/world/asia/cyclone-mora-bangladesh.html
734,https://www.nytimes.com/2017/05/30/world/asia/myanmar-soldiers-beating-facebook-video.html
735,https://www.nytimes.com/2017/05/26/world/asia/myanmar-buddhist-yangon.html
736,https://www.nytimes.com/2017/04/17/opinion/a-dam-project-in-myanmar.html
737,https://www.nytimes.com/2017/04/09/briefing/syria-stockholm-egypt.html
738,https://www.nytimes.com/2017/04/08/world/asia/myanmar-aung-san-suu-kyi-first-year.html
739,https://www.nytimes.com/2017/04/06/briefing/syria-china-devin-nunes.html
740,https://www.nytimes.com/2017/03/26/opinion/heng-on-human-rights-violations-in-myanmar.html
741,https://www.nytimes.com/2017/03/26/briefing/mosul-yogi-adityanath-carrie-lam.html
742,https://www.nytimes.com/2017/03/24/world/asia/myanmar-rakhine-rohingya-un-rights-council.html
743,https://www.nytimes.com/2017/02/09/briefing/tamil-nadu-afghanistan-israel.html
744,https://www.nytimes.com/2017/02/08/briefing/travel-ban-vladimir-putin-carbon-tax.html
745,https://www.nytimes.com/2017/02/08/world/asia/pope-francis-rohingya-muslims.html
746,https://www.nytimes.com/video/world/europe/100000004919687/popes-plea-pray-for-myanmar-muslims.html
747,https://www.nytimes.com/2017/02/05/briefing/jim-mattis-travel-ban-pakistan.html
748,https://www.nytimes.com/2017/02/03/world/asia/rohingya-myanmar-un-report.html
749,https://www.nytimes.com/2017/02/03/opinion/a-blow-to-myanmars-democracy.html
750,https://www.nytimes.com/2017/02/02/opinion/angelina-jolie-refugee-policy-should-be-based-on-facts-not-fear.html
751,https://www.nytimes.com/2017/02/02/world/asia/myanmar-ko-ni-lawyer-constitution-military.html
752,https://www.nytimes.com/2017/02/01/world/asia/myanmar-u-ko-ni-shooting-arrests.html
753,https://www.nytimes.com/2017/01/31/briefing/supreme-court-executive-orders.html
754,https://www.nytimes.com/2017/01/31/briefing/asia-australia-briefing.html
755,https://www.nytimes.com/2017/01/31/world/asia/rohingya-refugees-bangladesh.html
756,https://www.nytimes.com/2017/01/30/world/asia/myanmar-u-ko-ni-shooting.html
757,https://www.nytimes.com/2017/01/19/briefing/trump-gambia-rick-perry.html
758,https://www.nytimes.com/2017/01/19/us/politics/obama-transfers-4-from-guantanamo-leaving-41-there-as-term-ends.html
759,https://www.nytimes.com/2017/01/19/briefing/asia-australia-briefing.html
760,https://www.nytimes.com/2017/01/19/world/asia/muslim-rohingya-myanmar.html
761,https://www.nytimes.com/2017/01/16/opinion/the-rohingya-the-ladys-problem-from-hell.html
762,https://www.nytimes.com/2017/01/10/briefing/sessions-trump-dylann-roof.html
763,https://www.nytimes.com/2017/01/10/briefing/asia-australia-briefing.html
764,https://www.nytimes.com/2017/01/10/opinion/myanmars-shameful-denial.html
765,https://www.nytimes.com/2017/01/10/world/asia/rohingya-violence-myanmar.html
766,https://www.nytimes.com/video/world/asia/100000004861622/rape-fire-and-death-in-myanmar.html
767,https://www.nytimes.com/2017/01/03/briefing/asia-australia-briefing.html
768,https://www.nytimes.com/2017/01/03/world/asia/myanmar-video-police-brutality.html
769,https://www.nytimes.com/2016/12/19/us/politics/guantanamo-bay-obama.html
770,https://www.nytimes.com/2016/12/16/world/asia/myanmar-rohingya-violence-united-nations.html
771,https://www.nytimes.com/2016/12/09/opinion/sunday/australia-refugee-prisons-manus-island.html
772,https://www.nytimes.com/2016/12/09/world/asia/myanmar-rohingya-crisis-rakhine-muslim.html
773,https://www.nytimes.com/2016/12/06/world/asia/kofi-annan-myanmar-rohingya.html
774,https://www.nytimes.com/2016/12/05/briefing/asia-briefing.html
775,https://www.nytimes.com/2016/12/05/world/asia/rohingya-myanmar-health-care.html
776,https://www.nytimes.com/2016/12/04/briefing/asia-briefing.html
777,https://www.nytimes.com/2016/12/02/us/politics/obama-lifts-sanctions-myanmar.html
778,https://www.nytimes.com/2016/12/02/opinion/the-plight-of-the-rohingya.html
779,https://www.nytimes.com/2016/12/01/briefing/asia-briefing.html
780,https://www.nytimes.com/2016/12/01/world/asia/myanmars-leader-faulted-for-silence-as-army-campaigns-against-rohingya.html
781,https://www.nytimes.com/2016/11/21/opinion/myanmars-war-on-the-rohingya.html
782,https://www.nytimes.com/2016/11/19/world/asia/myanmar-rakhine-rohingya-muslim.html
783,https://www.nytimes.com/2016/11/14/briefing/asia-briefing.html
784,https://www.nytimes.com/2016/11/14/world/asia/violence-escalates-between-myanmar-forces-and-rohingya.html
785,https://www.nytimes.com/2016/11/01/briefing/asia-briefing.html
786,https://www.nytimes.com/2016/10/30/world/asia/myanmar-rohingya-muslim-rakhine-violence.html
787,https://www.nytimes.com/2016/10/28/world/asia/myanmar-rohingya-rakhine-state.html
788,https://www.nytimes.com/2016/10/20/world/asia/myanmar-rakhine-rohingya-violence.html
789,https://www.nytimes.com/2016/10/13/world/asia/sectarian-violence-myanmar-rakhine.html
790,https://www.nytimes.com/2016/10/11/world/asia/myanmar-attack-rakhine.html
791,https://www.nytimes.com/2016/09/15/world/asia/mitch-mcconnell-myanmar-aung-san-suu-kyi.html
792,https://www.nytimes.com/2016/09/15/world/asia/myanmar-obama.html
793,https://www.nytimes.com/2016/09/14/world/asia/myanmar-aung-san-suu-kyi-sanctions.html
794,https://www.nytimes.com/2016/09/13/opinion/keep-the-pressure-on-myanmar.html
795,https://www.nytimes.com/2016/09/08/world/asia/obama-asia-human-rights.html
796,https://www.nytimes.com/2016/09/04/opinion/sunday/what-religion-would-jesus-belong-to.html
797,https://www.nytimes.com/2016/07/13/opinion/when-law-is-not-justice.html
798,https://www.nytimes.com/2016/07/06/world/asia/rohingya-malaysia-myanmar.html
799,https://www.nytimes.com/2016/07/01/world/asia/myanmar-state-department-trafficking-in-persons-report.html
800,https://www.nytimes.com/2016/06/19/world/asia/myanmar-indonesia-refugees.html
801,https://www.nytimes.com/2016/06/03/world/asia/rohingya-bangladesh-census.html
802,https://www.nytimes.com/2016/05/27/opinion/australias-shameful-silence.html
803,https://www.nytimes.com/2016/05/23/world/asia/john-kerry-myanmar-aung-san-suu-kyi.html
804,https://www.nytimes.com/2016/05/09/opinion/aung-san-suu-kyis-cowardly-stance-on-the-rohingya.html
805,https://www.nytimes.com/2016/05/07/world/asia/myanmar-rohingya-aung-san-suu-kyi.html
806,https://www.nytimes.com/2016/04/11/opinion/pushing-myanmar-toward-full-democracy.html
807,https://www.nytimes.com/2016/03/25/opinion/human-trafficking-on-trial-in-thailand.html
808,https://www.nytimes.com/2016/03/08/world/asia/aung-san-suu-kyi-finds-roadblocks-on-path-to-presidency.html
809,https://kristof.blogs.nytimes.com/2016/02/06/we-have-a-win-a-trip-winner/
810,https://www.nytimes.com/2016/02/02/world/asia/first-freely-elected-parliament-after-decades-of-military-rule-opens-in-myanmar.html
811,https://www.nytimes.com/2016/01/25/opinion/ending-the-horror-of-myanmars-abuse-of-muslims.html
812,https://www.nytimes.com/2016/01/20/opinion/persecution-in-myanmar.html
813,https://www.nytimes.com/2016/01/14/opinion/in-myanmar-a-wifes-wrenching-decision.html
814,https://www.nytimes.com/2016/01/10/opinion/sunday/myanmars-peace-prize-winner-and-crimes-against-humanity.html
815,https://www.nytimes.com/interactive/2015/12/27/sunday-review/2015-year-in-pictures.html
816,https://www.nytimes.com/2015/12/11/world/asia/thailand-human-trafficking-asylum-australia.html
817,https://www.nytimes.com/2015/12/08/opinion/a-life-uprooted.html
818,https://www.nytimes.com/2015/12/07/opinion/eric-schmidt-on-how-to-build-a-better-web.html
819,https://www.nytimes.com/2015/12/06/magazine/the-last-dalai-lama.html
820,https://www.nytimes.com/2015/11/23/opinion/letters-to-the-editor.html
821,https://www.nytimes.com/2015/11/22/world/asia/refugees-must-not-be-turned-away-obama-says.html
822,https://www.nytimes.com/2015/11/19/world/asia/myanmar-election-rohingya-muslims.html
823,https://www.nytimes.com/2015/11/18/world/asia/myanmar-aung-san-suu-kyi.html
824,https://www.nytimes.com/video/world/asia/100000004032093/win-for-burmese-opposition-not-muslims.html
825,https://www.nytimes.com/2015/11/10/world/asia/myanmar-election-results-aung-san-suu-kyi.html
826,https://www.nytimes.com/2015/11/07/opinion/cartoon-chappatte-on-myanmars-election.html
827,https://www.nytimes.com/2015/11/07/opinion/aung-san-suu-kyi-myanmar-the-lady-and-the-election.html
828,https://www.nytimes.com/2015/11/06/world/asia/myanmar-election-president-aung-san-suu-kyi-explainer.html
829,https://www.nytimes.com/2015/11/06/opinion/myanmar-goes-to-the-polls.html
830,https://www.nytimes.com/2015/11/03/opinion/myanmar-election-disenfranchised-rohingya.html
831,https://www.nytimes.com/slideshow/2015/06/11/world/asia/for-the-rohingya-of-myanmar-a-hardscrabble-existence.html
832,https://www.nytimes.com/2015/09/25/opinion/a-myanmar-pact-for-peace.html
833,https://www.nytimes.com/video/world/100000003928506/for-rohingya-fear-and-forced-marriages.html
834,https://sinosphere.blogs.nytimes.com/2015/09/09/for-china-migrant-crisis-is-someone-elses-fault-and-responsibility/
835,https://www.nytimes.com/2015/08/29/world/asia/myanmar-democracy-icon-finds-herself-assailed-as-authoritarian.html
836,https://learning.blogs.nytimes.com/2015/08/25/summer-reading-contest-winner-week-9-my-jon-stewart-withdrawal-syndrome/
837,https://www.nytimes.com/2015/08/24/world/asia/myanmar-lawmaker-u-shwe-maung-barred-from-re-election-on-citizenship-grounds.html
838,https://www.nytimes.com/2015/08/03/world/asia/rohingya-women-flee-violence-only-to-be-sold-into-marriage.html
839,https://www.nytimes.com/video/world/100000003832625/for-rohingya-fear-and-forced-marriages.html
840,https://www.nytimes.com/2015/07/28/world/asia/thailands-low-ranking-in-human-trafficking-report-could-hamper-trade-deal.html
841,https://www.nytimes.com/2015/07/25/world/asia/thailand-charges-72-with-human-trafficking-crimes-ahead-of-us-report.html
842,https://www.nytimes.com/2015/07/24/world/asia/bangladesh-human-trafficking.html
843,https://www.nytimes.com/slideshow/2015/07/10/nytnow/20150711-nytnow-instagram.html
844,https://www.nytimes.com/2015/07/08/world/asia/rohingya-family-myanmar-refugee-aid.html
845,https://www.nytimes.com/2015/07/06/world/asia/myanmar-rohingya-refugee-crisis-malaysia.html
846,https://www.nytimes.com/2015/06/29/world/asia/china-and-india-are-sitting-out-refugee-crisis.html
847,https://www.nytimes.com/2015/06/18/world/60-million-people-fleeing-chaotic-lands-un-says.html
848,https://www.nytimes.com/2015/06/18/world/asia/interview-mahathir-mohamad-former-prime-minister-malaysia.html
849,https://www.nytimes.com/2015/06/14/opinion/lost-voices-of-the-worlds-refugees.html
850,https://www.nytimes.com/video/world/asia/100000003733849/for-rohingya-days-of-waiting.html
851,https://www.nytimes.com/2015/06/13/world/asia/myanmar-to-bar-rohingya-from-fleeing-but-wont-address-their-plight.html
852,https://www.nytimes.com/2015/06/13/world/asia/myanmars-missing-rohingya.html
853,https://www.nytimes.com/slideshow/2015/06/11/world/asia/20150612-ROHINGYA.html
854,https://www.nytimes.com/video/multimedia/100000003736617/actor-matt-dillon-urges-action-on-myanmars-refugees-crisis.html
855,https://www.nytimes.com/video/multimedia/100000003736554/actor-matt-dillon-urges-action-on-myanmars-refugees-crisis.html
856,https://www.nytimes.com/video/multimedia/100000003736529/actor-matt-dillon-urges-action-on-myanmars-refugees-crisis.html
857,https://www.nytimes.com/2015/06/12/world/asia/aung-san-suu-kyi-of-myanmar-meets-with-xi-jinping-in-beijing.html
858,https://www.nytimes.com/interactive/2015/06/09/world/migrants-global-refugee-crisis-mediterranean-ukraine-syria-rohingya-malaysia-iraq.html
859,https://www.nytimes.com/2015/06/04/nytnow/your-thursday-evening-briefing.html
860,https://www.nytimes.com/video/multimedia/100000003723318/migrants-face-cramped-conditions-in-myanmar-while-awaiting-repat.html
861,https://lens.blogs.nytimes.com/2015/06/04/rohingya-refugees-stateless-in-southeast-asia/
862,https://www.nytimes.com/slideshow/2015/06/03/blogs/20150603-lens-omi.html
863,https://www.nytimes.com/2015/06/04/world/asia/rohingya-migrants-malaysia.html
864,https://www.nytimes.com/video/multimedia/100000003715792/obama-calls-on-myanmar-to-end-discrimination-of-rohingyas.html
865,https://www.nytimes.com/2015/05/30/world/asia/myanmar-deflects-un-criticism-over-rohingya.html
866,https://www.nytimes.com/2015/05/29/nytnow/latest-news-fifa-elections-asian-migrants-texas-weather.html
867,https://www.nytimes.com/2015/05/29/opinion/horrors-of-human-trafficking-in-south-asia.html
868,https://www.nytimes.com/2015/05/29/world/asia/dalai-lama-urges-aung-san-suu-kyi-to-help-myanmars-rohingya.html
869,https://www.nytimes.com/video/multimedia/100000003707008/myanmar-protesters-denounce-un-advocacy-for-rohingya.html
870,https://www.nytimes.com/2015/05/28/world/asia/migrant-crisis-indonesia-rohingya-bangladesh.html
871,https://www.nytimes.com/2015/05/28/opinion/tash-aw-malaysias-duty-to-the-rohingyas.html
872,https://www.nytimes.com/2015/05/27/world/asia/jungle-camp-in-malaysia-yields-graves-and-signs-of-migrant-abuse.html
873,https://www.nytimes.com/2015/05/27/world/asia/myanmar-bangladesh-rohingya-migrant-crisis-shows-signs-of-ebbing.html
874,https://afterdeadline.blogs.nytimes.com/2015/05/26/news-cliches-from-all-over/
875,https://www.nytimes.com/video/world/asia/100000003702579/decomposed-remains-found-in-malaysia.html
876,https://www.nytimes.com/2015/05/26/world/asia/migrants-flooding-into-malaysia-trade-one-nightmare-for-another.html
877,https://www.nytimes.com/video/world/asia/100000003702296/malaysia-police-chief-comments-on-graves.html
878,https://www.nytimes.com/2015/05/26/world/asia/malaysia-mass-graves-suspected-of-being-rohingya-and-bangladeshi-migrants.html
879,https://www.nytimes.com/2015/05/25/opinion/international/the-rohingya-migrants-plight.html
880,https://www.nytimes.com/video/multimedia/100000003700712/un-chief-cause-of-asian-migrant-crisis-must-be-addressed.html
881,https://www.nytimes.com/2015/05/23/world/asia/myanmars-navy-seizes-2-boats-carrying-over-200-migrants.html
882,https://www.nytimes.com/video/multimedia/100000003698999/myanmars-stateless-rohingya-suffering-from-everything.html
883,https://www.nytimes.com/2015/05/22/world/asia/myanmar-rohingya-migrant-crisis-malaysia-thailand-indonesia.html
884,https://www.nytimes.com/2015/05/21/world/europe/eus-military-crackdown-on-migrant-smugglers-stirs-skepticism.html
885,https://www.nytimes.com/2015/05/21/world/asia/indonesia-malaysia-rohingya-bangladeshi-migrants-agreement.html
886,https://www.nytimes.com/2015/05/20/opinion/thomas-friedman-hillary-jeb-facebook-and-disorder.html
887,https://www.nytimes.com/interactive/2015/05/20/world/asia/document-malaysia-indonesia-thailand-statement-on-asia-migrants-crisis.html
888,https://www.nytimes.com/2015/05/18/nytnow/latest-news-waco-shootout-amtrak-service-resumes-and-more.html
889,https://www.nytimes.com/video/multimedia/100000003688348/rohingya-migrants-discovered-near-thai-border.html
890,https://www.nytimes.com/times-insider/2015/05/15/migrants-at-sea-up-close-reporters-notebook/
891,https://www.nytimes.com/2015/05/16/world/asia/migrant-boat-myanmar-thailand.html
892,https://www.nytimes.com/video/multimedia/100000003686108/migrants-rest-at-a-shelter-in-indonesia.html
893,https://www.nytimes.com/interactive/2015/05/14/world/asia/Understanding-Southeast-Asias-Migrant-Crisis.html
894,https://www.nytimes.com/2015/05/15/world/asia/burmese-rohingya-bangladeshi-migrants-andaman-sea.html
895,https://www.nytimes.com/interactive/2015/05/13/world/asia/15rohingya-explainer.html
896,https://www.nytimes.com/2015/05/14/opinion/nicholas-kristof-crisis-at-sea.html
897,https://www.nytimes.com/2015/05/13/opinion/the-rohingya-refugees-adrift.html
898,https://www.nytimes.com/2015/05/13/world/asia/myanmar-rohingya-refugees-rakhine-burma.html
899,https://www.nytimes.com/2015/05/13/world/asia/asian-nations-struggle-as-thousands-of-migrants-approach-by-sea.html
900,https://learning.blogs.nytimes.com/2015/05/12/6-qs-about-the-news-more-than-1000-refugees-land-on-malaysian-resort-island/
901,https://www.nytimes.com/2015/05/12/world/asia/more-than-1000-refugees-land-on-malaysian-resort-island.html
902,https://www.nytimes.com/2015/05/11/nytnow/latest-news-migrant-smuggling-greece-deadline-and-more.html
903,https://www.nytimes.com/video/multimedia/100000003676732/rohingya-bangladeshi-refugees-rescued-off-indonesian-coast.html
904,https://www.nytimes.com/2015/05/05/world/asia/thailand-to-open-inquiry-into-human-trafficking-network.html
905,https://www.nytimes.com/2015/03/21/opinion/backsliding-on-reform-in-myanmar.html
906,https://www.nytimes.com/2015/03/19/world/asia/myanmar-shows-signs-of-democratic-reversal-un-official-says.html
907,https://www.nytimes.com/video/multimedia/100000003518993/myanmar-to-revoke-minority-id-cards.html
908,https://www.nytimes.com/2014/12/17/world/2014-was-deadliest-year-for-migrants-group-says.html
909,https://www.nytimes.com/video/multimedia/100000003245550/rohingyas-fleeing-myanmar-feared-missing.html
910,https://www.nytimes.com/2014/11/19/world/bangladesh-intercepts-ship-holding-600-trafficking-victims.html
911,https://www.nytimes.com/video/world/asia/100000003235069/obama-meets-myanmars-opposition-leader.html
912,https://www.nytimes.com/2014/11/15/world/asia/obama-aung-san-suu-kyi-myanmar.html
913,https://www.nytimes.com/2014/11/14/world/asia/obama-will-try-to-push-myanmar-back-on-the-path-toward-democracy.html
914,https://www.nytimes.com/2014/11/13/world/asia/for-some-daw-aung-san-suu-kyi-falls-short-of-expectations-in-myanmar.html
915,https://www.nytimes.com/2014/11/11/opinion/mr-obamas-message-to-myanmar.html
916,https://learning.blogs.nytimes.com/2014/11/07/6-qs-about-the-news-as-myanmar-advances-resettlement-plan-rohingya-flee/
917,https://www.nytimes.com/slideshow/2014/11/07/world/asia/07myanmar-ss-nytnow.html
918,https://www.nytimes.com/2014/11/07/world/asia/rohingya-myanmar-rakhine-state-thailand-malaysia.html
919,https://www.nytimes.com/2014/11/01/world/asia/on-visit-obama-to-face-a-backsliding-myanmar-.html
920,https://www.nytimes.com/2014/10/30/opinion/the-persecution-of-the-rohingya.html
921,https://www.nytimes.com/2014/10/09/opinion/bill-maher-isnt-the-only-one-who-misunderstands-religion.html
922,https://www.nytimes.com/2014/09/29/business/sectarian-violence-in-myanmar-threatens-the-livelihoods-of-muslims.html
923,https://www.nytimes.com/2014/09/02/us/from-afar-the-united-states-seems-at-odds-with-its-ideals.html
924,https://www.nytimes.com/2014/08/23/world/asia/dangers-abound-for-thousands-taking-to-the-ocean-in-search-of-safety.html
925,https://www.nytimes.com/2014/08/22/opinion/myanmar-regresses-on-rights.html
926,https://www.nytimes.com/2014/08/11/world/asia/kerry-citing-bumps-urges-myanmar-to-stay-on-path-to-democracy.html
927,https://www.nytimes.com/2014/07/13/world/asia/mandalays-chinese-muslims-chilled-by-riots.html
928,https://www.nytimes.com/2014/07/09/opinion/malaysia-is-fighting-the-scourge.html
929,https://www.nytimes.com/2014/07/05/world/asia/in-myanmar-democracys-euphoria-losing-its-glow.html
930,https://learning.blogs.nytimes.com/2014/07/01/summer-reading-contest-winner-week-one-21st-century-concentration-camps/
931,https://www.nytimes.com/2014/07/01/opinion/malaysias-dismal-trafficking-record.html
932,https://kristof.blogs.nytimes.com/2014/06/27/ethnic-cleansing-captured-on-film/
933,https://www.nytimes.com/times-insider/2014/06/25/in-the-darkness-of-myanmars-camps-lighter-moments-of-life/
934,https://www.nytimes.com/2014/06/22/opinion/sunday/thai-seafood-is-contaminated-by-human-trafficking.html
935,https://www.nytimes.com/2014/06/21/world/asia/us-gives-thailand-and-malaysia-lowest-grade-on-human-trafficking.html
936,https://kristof.blogs.nytimes.com/2014/06/17/how-to-help-myanmars-muslim-minority/
937,https://kristof.blogs.nytimes.com/2014/06/16/a-new-video-of-modern-day-concentration-camps/
938,https://www.nytimes.com/interactive/2014/06/16/opinion/nicholas-kristof-myanmar-documentary.html
939,https://www.nytimes.com/video/opinion/100000002939059/21st-century-concentration-camps.html
940,https://kristof.blogs.nytimes.com/2014/06/12/a-wedding-and-a-funeral/
941,https://kristof.blogs.nytimes.com/2014/06/09/the-male-disappearing-act/
942,https://kristof.blogs.nytimes.com/2014/06/06/risking-a-leg-instead-of-seeing-a-doctor/
943,https://www.nytimes.com/2014/06/07/opinion/the-people-vs-the-monks.html
944,https://www.nytimes.com/2014/06/05/opinion/kristof-theres-a-kind-of-hush.html
945,https://kristof.blogs.nytimes.com/2014/06/03/portraits-of-people-in-myanmar/
946,https://kristof.blogs.nytimes.com/2014/05/31/with-the-rohingya-in-myanmar/
947,https://www.nytimes.com/2014/06/01/opinion/sunday/kristof-obama-success-or-global-shame.html
948,https://www.nytimes.com/2014/05/29/opinion/kristof-myanmars-appalling-apartheid.html
949,https://www.nytimes.com/2014/05/28/opinion/28iht-edlets28.html
950,https://kristof.blogs.nytimes.com/2014/05/27/so-many-pharmacies-too-few-doctors/
951,https://kristof.blogs.nytimes.com/2014/05/23/why-journalists-need-to-squint/
952,https://www.nytimes.com/2014/05/23/opinion/myanmars-journalists-still-at-risk.html
953,https://kristof.blogs.nytimes.com/2014/05/21/one-childs-quest-for-education-in-a-burmese-refugee-camp/
954,https://kristof.blogs.nytimes.com/2014/05/20/the-waiting-game/
955,https://www.nytimes.com/2014/05/20/opinion/malik-myanmars-buddhist-bigots.html
956,https://www.nytimes.com/2014/05/03/pageoneplus/quotation-of-the-day-for-saturday-may-3-2014.html
957,https://www.nytimes.com/2014/05/03/world/asia/death-stalks-muslims-as-myanmar-cuts-off-aid.html
958,https://www.nytimes.com/2014/04/30/world/asia/for-obama-a-familiar-region-with-familiar-troubles.html
959,https://www.nytimes.com/2014/04/28/world/asia/obama-malaysia.html
960,https://www.nytimes.com/video/multimedia/100000002839548/myanmars-muslim-rohingyas-say-theyre-facing-nutrition-crisis.html
961,https://www.nytimes.com/2014/04/20/world/asia/deadly-clash-between-vietnamese-border-guards-and-chinese-migrants-reported.html
962,https://www.nytimes.com/2014/04/15/business/media/2014-pulitzer-prize-winners-in-journalism-letters-drama-and-music.html
963,https://www.nytimes.com/2014/04/15/business/media/coverage-of-snowden-and-boston-attack-win-pulitzer-prizes.html
964,https://www.nytimes.com/video/multimedia/100000002796622/myanmars-historic-census-draws-criticism-from-rohingyas.html
965,https://www.nytimes.com/video/multimedia/100000002795909/ngos-targeted-in-myanmar-causing-food-prices-to-soar.html
966,https://www.nytimes.com/2014/03/26/opinion/australias-guantanamo-problem.html
967,https://www.nytimes.com/2014/03/18/opinion/myanmars-deadly-medicine.html
968,https://www.nytimes.com/2014/03/15/world/asia/trapped-between-home-and-refuge-burmese-muslims-are-brutalized.html
969,https://www.nytimes.com/2014/03/15/world/asia/more-than-200-detained-in-raid-on-thai-jungle-camp.html
970,https://www.nytimes.com/2014/03/14/world/asia/myanmar-bans-doctors-without-borders.html
971,https://www.nytimes.com/2014/03/02/world/asia/rise-in-bigotry-fuels-massacre-inside-myanmar.html
972,https://www.nytimes.com/2014/01/25/world/asia/un-says-muslims-were-massacred-in-tense-myanmar-region.html
973,https://www.nytimes.com/2014/01/10/opinion/myanmars-constitutional-reform.html
974,https://www.nytimes.com/2013/12/12/opinion/ethnic-violence-in-myanmar.html
975,https://www.nytimes.com/2013/11/10/world/asia/elderly-womans-killing-lays-bare-myanmars-religious-divisions.html
976,https://www.nytimes.com/2013/10/14/opinion/the-bay-of-bengal-in-peril-from-climate-change.html
977,https://www.nytimes.com/2013/10/03/world/asia/myanmar-violence-buddhists-muslims.html
978,https://www.nytimes.com/2013/08/23/world/asia/un-criticizes-australia-over-asylum-policy.html
979,https://www.nytimes.com/2013/08/13/world/asia/myanmar-un-envoy-visits-troubled-state.html
980,https://www.nytimes.com/2013/07/16/world/asia/myanmar-admits-to-political-prisoners-pledging-their-freedom.html
981,https://www.nytimes.com/2013/07/11/world/un-secretary-general-warns-myanmar-on-religious-violence.html
982,https://www.nytimes.com/2013/07/08/world/asia/explosions-rock-buddhist-temple-in-india.html
983,https://latitude.blogs.nytimes.com/2013/07/02/order-of-the-heedless/
984,https://www.nytimes.com/2013/06/21/world/asia/extremism-rises-among-myanmar-buddhists-wary-of-muslim-minority.html
985,https://www.nytimes.com/2013/05/31/opinion/attacks-on-myanmars-muslims.html
986,https://rendezvous.blogs.nytimes.com/2013/05/29/2-child-limit-for-some-muslims-brings-new-scrutiny-to-myanmar/
987,https://www.nytimes.com/2013/05/21/world/asia/obama-couples-praise-for-burmese-leader-with-warning-against-violence.html
988,https://www.nytimes.com/2013/05/21/opinion/global/what-obama-needs-to-tell-myanmars-leader.html
989,https://www.nytimes.com/2013/05/12/world/asia/cyclone-could-threaten-myanmar-refugees.html
990,https://www.nytimes.com/2013/04/25/opinion/will-hatred-kill-the-dream-of-a-peaceful-democratic-myanmar.html
991,https://rendezvous.blogs.nytimes.com/2013/04/22/iht-quick-read-april-22/
992,https://rendezvous.blogs.nytimes.com/2013/04/21/report-says-myanmar-was-complicit-in-anti-muslim-violence/
993,https://latitude.blogs.nytimes.com/2013/04/17/myanmars-monks-have-become-corrupt-and-dangerously-sectarian/
994,https://www.nytimes.com/2013/04/06/world/asia/buddhist-muslim-tensions-spread-as-detainees-die-in-indonesia.html
995,https://www.nytimes.com/2013/04/04/opinion/global/keep-myanmar-on-track.html
996,https://latitude.blogs.nytimes.com/2013/03/29/violence-against-muslims-in-meiktila-myanmar/
997,https://www.nytimes.com/2013/03/29/world/asia/myanmar-leader-says-he-may-use-force-over-rioting.html
998,https://www.nytimes.com/2013/03/23/world/asia/toll-rises-as-sectarian-violence-in-myanmar-spreads.html
999,https://www.nytimes.com/2013/03/22/world/asia/sectarian-clashes-are-reported-in-central-myanmar.html
1000,https://www.nytimes.com/2013/03/08/world/asia/myanmar-reforms-could-falter-un-investigator-says.html
1001,https://www.nytimes.com/2013/03/06/opinion/global/one-million-syrian-refugees.html
1002,https://lens.blogs.nytimes.com/2013/01/04/from-bangladesh-a-photo-festival-builds-bridges/
1003,https://www.nytimes.com/2012/11/30/world/asia/muslims-face-expulsion-from-western-myanmar.html
1004,https://india.blogs.nytimes.com/2012/11/20/daw-aung-san-suu-kyi-offers-little-hope-for-rohingya-refugees/
1005,https://www.nytimes.com/2012/11/19/world/asia/obama-heads-to-myanmar-as-it-promises-more-reforms.html
1006,https://rendezvous.blogs.nytimes.com/2012/11/17/obamas-visit-to-myanmar-validation-or-a-disgrace/
1007,https://www.nytimes.com/2012/11/17/opinion/president-obama-goes-to-asia.html
1008,https://rendezvous.blogs.nytimes.com/2012/11/06/a-fresh-start-for-women-in-myanmar/
1009,https://www.nytimes.com/2012/11/06/world/asia/aid-for-refugees-in-myanmar-threatened-by-violence.html
1010,https://rendezvous.blogs.nytimes.com/2012/10/31/as-violence-continues-rohingya-find-few-defenders-in-myanmar/
1011,https://www.nytimes.com/2012/10/27/world/asia/dozens-dead-in-myanmar-as-sectarian-violence-erupts-again.html
1012,https://keller.blogs.nytimes.com/2012/09/30/a-conversation-with-daw-aung-san-suu-kyi/
1013,https://www.nytimes.com/2012/09/28/world/asia/at-un-myanmar-leader-highlights-steps-to-reform.html
1014,https://latitude.blogs.nytimes.com/2012/08/16/the-disunion-of-myanmar/
1015,https://thelede.blogs.nytimes.com/2012/08/14/visiting-myanmars-threatened-rohingyas/
1016,https://www.nytimes.com/2012/08/05/travel/visiting-myanmar-its-complicated.html
1017,https://rendezvous.blogs.nytimes.com/2012/07/31/china-assails-u-s-arrogance-in-report-on-religion/
1018,https://www.nytimes.com/2012/07/14/world/asia/myanmar-president-thein-sein-invites-united-states-businesses-to-return.html
1019,https://www.nytimes.com/2012/07/13/opinion/ethnic-cleansing-of-myanmars-rohingyas.html
1020,https://www.nytimes.com/2012/06/21/world/middleeast/access-to-myanmar-entices-gulf-investors.html
1021,https://latitude.blogs.nytimes.com/2012/06/19/bangladeshs-refusal-to-take-in-rohingyas-from-myanmar/
1022,https://www.nytimes.com/2012/06/16/world/asia/new-freedom-in-myanmar-lets-burmese-air-venom-toward-rohingya-muslim-group.html
1023,https://www.nytimes.com/2012/06/15/world/europe/aung-san-suu-kyi-begins-triumphant-visit-to-europe.html
1024,https://www.nytimes.com/2012/06/13/world/asia/13iht-suukyi13.html
1025,https://www.nytimes.com/2012/06/11/world/asia/state-of-emergency-declared-in-western-myanmar.html
1026,https://rendezvous.blogs.nytimes.com/2012/06/10/conflicts-endanger-reform-in-myanmar/
1027,https://india.blogs.nytimes.com/2012/05/18/thousands-of-myanmar-rohingyas-struggle-for-refugee-status-in-india/
1028,https://www.nytimes.com/2010/05/28/world/28amnesty.html
1029,https://www.nytimes.com/2010/02/21/world/asia/21bangladesh.html
1030,https://www.nytimes.com/2010/02/16/nyregion/16polk.html
1031,https://www.nytimes.com/2010/01/19/world/asia/19iht-aceh.html
1032,https://www.nytimes.com/2009/12/29/world/asia/29hmong.html
1033,https://www.nytimes.com/2009/12/18/opinion/18iht-edrogers.html
1034,https://www.nytimes.com/2009/12/18/opinion/18iht-edrogers.html
1035,https://www.nytimes.com/2009/06/06/world/asia/06iht-indo.html
1036,https://www.nytimes.com/2009/06/06/world/asia/06iht-indo.html
1037,https://www.nytimes.com/2009/04/19/world/asia/19indo.html
1038,https://www.nytimes.com/2009/03/02/opinion/02iht-edbowring.1.20525778.html
1039,https://www.nytimes.com/2009/02/20/opinion/20iht-edlet.1.20330711.html
1040,https://topics.blogs.nytimes.com/2009/02/18/thai-govt-upset-over-angelina-jolie-comment-on-refugees/
1041,https://www.nytimes.com/2009/02/15/world/asia/15iht-rohingya.1.20192120.html
1042,https://www.nytimes.com/2009/01/28/world/asia/28iht-thai.1.19743375.html
1043,https://www.nytimes.com/2009/02/06/world/asia/06iht-indo.1.19986425.html
1044,https://www.nytimes.com/2009/02/04/world/asia/04indo.html
1045,https://www.nytimes.com/2009/02/03/world/asia/03iht-04indo.19890112.html
1046,https://www.nytimes.com/2009/02/03/world/asia/03iht-indo.2.19893872.html
1047,https://www.nytimes.com/2009/01/29/world/asia/29iht-thai.1.19773369.html
1048,https://www.nytimes.com/2009/01/18/world/asia/18thailand.html
1049,https://www.nytimes.com/2009/01/17/world/asia/17thai.html
1050,https://www.nytimes.com/2009/01/16/world/asia/16iht-thai.1.19424275.html
1051,https://www.nytimes.com/2009/01/16/world/asia/16iht-thai.4.19434071.html
1052,https://www.nytimes.com/2007/04/08/weekinreview/08mydans.html
1053,https://www.nytimes.com/2007/04/01/world/asia/01iht-stateless.1.5103819.html
1054,https://www.nytimes.com/2005/04/23/world/asia/malaysia-recognizes-a-stateless-clan.html
1055,https://www.nytimes.com/1993/12/02/opinion/friends-of-the-slorc.html
1056,https://www.nytimes.com/1992/03/31//IHT-asean-weighs-moves-against-abuses-in-burma.html
1057,https://www.nytimes.com/1992/03/19/world/un-sending-envoy-to-aid-burmese-refugees.html
1058,https://www.nytimes.com/1992/02/07/world/even-bleak-bangladesh-is-a-haven-to-muslims-fleeing-the-burmese-arm.html
